/*
SQLyog Ultimate v12.09 (64 bit)
MySQL - 10.1.35-MariaDB : Database - mogu_blog
*********************************************************************
*/

/*!40101 SET NAMES utf8 */;

/*!40101 SET SQL_MODE=''*/;

/*!40014 SET @OLD_UNIQUE_CHECKS=@@UNIQUE_CHECKS, UNIQUE_CHECKS=0 */;
/*!40014 SET @OLD_FOREIGN_KEY_CHECKS=@@FOREIGN_KEY_CHECKS, FOREIGN_KEY_CHECKS=0 */;
/*!40101 SET @OLD_SQL_MODE=@@SQL_MODE, SQL_MODE='NO_AUTO_VALUE_ON_ZERO' */;
/*!40111 SET @OLD_SQL_NOTES=@@SQL_NOTES, SQL_NOTES=0 */;
CREATE DATABASE /*!32312 IF NOT EXISTS*/`mogu_blog` /*!40100 DEFAULT CHARACTER SET utf8 */;

USE `mogu_blog`;

/*Table structure for table `t_admin` */

DROP TABLE IF EXISTS `t_admin`;

CREATE TABLE `t_admin` (
  `uid` varchar(32) NOT NULL COMMENT '唯一uid',
  `user_name` varchar(255) NOT NULL COMMENT '用户名',
  `pass_word` varchar(32) NOT NULL COMMENT '密码',
  `gender` tinyint(1) unsigned DEFAULT NULL COMMENT '性别(1:男2:女)',
  `avatar` varchar(100) DEFAULT NULL COMMENT '个人头像',
  `email` varchar(255) NOT NULL COMMENT '邮箱',
  `birthday` date DEFAULT NULL COMMENT '出生年月日',
  `mobile` varchar(11) DEFAULT NULL COMMENT '手机',
  `summary` varchar(200) DEFAULT NULL COMMENT '自我简介最多150字',
  `login_count` int(11) unsigned DEFAULT '0' COMMENT '登录次数',
  `last_login_time` datetime DEFAULT NULL COMMENT '最后登录时间',
  `last_login_ip` varchar(50) DEFAULT '127.0.0.1' COMMENT '最后登录IP',
  `status` tinyint(1) unsigned NOT NULL DEFAULT '1' COMMENT '状态',
  `create_time` timestamp NOT NULL DEFAULT '0000-00-00 00:00:00' COMMENT '创建时间',
  `update_time` timestamp NOT NULL DEFAULT '0000-00-00 00:00:00' COMMENT '更新时间',
  `nickName` varchar(255) DEFAULT NULL COMMENT '昵称',
  `qqNumber` varchar(255) DEFAULT NULL COMMENT 'QQ号',
  `weChat` varchar(255) DEFAULT NULL COMMENT '微信号',
  PRIMARY KEY (`uid`)
) ENGINE=InnoDB DEFAULT CHARSET=utf8 COMMENT='管理员表';

/*Data for the table `t_admin` */

insert  into `t_admin`(`uid`,`user_name`,`pass_word`,`gender`,`avatar`,`email`,`birthday`,`mobile`,`summary`,`login_count`,`last_login_time`,`last_login_ip`,`status`,`create_time`,`update_time`,`nickName`,`qqNumber`,`weChat`) values ('5821462bc29a4570ad80e87f3aa3f02d','admin','21232f297a57a5a743894a0e4a801fc3',1,'测试头像','xzx19950624@qq.com','2018-09-20','1597531973','测试表情',1,'2018-09-20 14:49:00','127.0.0.1',1,'0000-00-00 00:00:00','0000-00-00 00:00:00',NULL,NULL,NULL);

/*Table structure for table `t_admin_role` */

DROP TABLE IF EXISTS `t_admin_role`;

CREATE TABLE `t_admin_role` (
  `uid` varchar(32) NOT NULL COMMENT '主键',
  `admin_uid` varchar(32) NOT NULL COMMENT '管理员id',
  `role_uid` varchar(32) NOT NULL COMMENT '角色id',
  `status` tinyint(4) DEFAULT '1' COMMENT '状态',
  `create_time` timestamp NOT NULL DEFAULT '0000-00-00 00:00:00' COMMENT '创建时间',
  `update_time` timestamp NOT NULL DEFAULT '0000-00-00 00:00:00' COMMENT '更新时间',
  PRIMARY KEY (`uid`)
) ENGINE=InnoDB DEFAULT CHARSET=utf8;

/*Data for the table `t_admin_role` */

insert  into `t_admin_role`(`uid`,`admin_uid`,`role_uid`,`status`,`create_time`,`update_time`) values ('bd3ffb1012074783bd3311b897d6bc96','1f01cd1d2f474743b241d74008b12333','434994947c5a4ee3a710cd277357c7c4',1,'2018-10-14 20:17:32','2018-10-14 20:17:32'),('eefd69c58c79490cbad06240b6f84952','1f01cd1d2f474743b241d74008b12333','434994947c5a4ee3a710cd277357c7c3',1,'2018-10-14 20:17:32','2018-10-14 20:17:32'),('eefd69c58c79490cbad06240b6f84953','1f01cd1d2f474743b241d74008b12334','434994947c5a4ee3a710cd277357c7c3',1,'0000-00-00 00:00:00','0000-00-00 00:00:00');

/*Table structure for table `t_blog` */

DROP TABLE IF EXISTS `t_blog`;

CREATE TABLE `t_blog` (
  `uid` varchar(32) NOT NULL COMMENT '唯一uid',
  `title` varchar(200) DEFAULT NULL COMMENT '博客标题',
  `summary` varchar(200) DEFAULT NULL COMMENT '博客简介',
  `content` longtext COMMENT '博客内容',
  `tag_uid` varchar(255) DEFAULT NULL COMMENT '标签uid',
  `click_count` int(11) DEFAULT '0' COMMENT '博客点击数',
  `collect_count` int(11) DEFAULT '0' COMMENT '博客收藏数',
  `file_uid` varchar(255) DEFAULT NULL COMMENT '标题图片uid',
  `status` tinyint(1) unsigned NOT NULL DEFAULT '1' COMMENT '状态',
  `create_time` timestamp NOT NULL DEFAULT '0000-00-00 00:00:00' COMMENT '创建时间',
  `update_time` timestamp NOT NULL DEFAULT '0000-00-00 00:00:00' COMMENT '更新时间',
  `admin_uid` varchar(32) DEFAULT NULL COMMENT '管理员uid',
  `is_original` varchar(1) DEFAULT '1' COMMENT '是否原创（0:不是 1：是）',
  `author` varchar(255) DEFAULT NULL COMMENT '作者',
  `articles_part` varchar(255) DEFAULT NULL COMMENT '文章出处',
  `blog_sort_uid` varchar(32) DEFAULT NULL COMMENT '博客分类UID',
  `level` tinyint(1) DEFAULT '0' COMMENT '推荐等级(0:正常)',
  PRIMARY KEY (`uid`)
) ENGINE=InnoDB DEFAULT CHARSET=utf8 COMMENT='博客表';

/*Data for the table `t_blog` */

insert  into `t_blog`(`uid`,`title`,`summary`,`content`,`tag_uid`,`click_count`,`collect_count`,`file_uid`,`status`,`create_time`,`update_time`,`admin_uid`,`is_original`,`author`,`articles_part`,`blog_sort_uid`,`level`) values ('03dc51d5c94f4c0e80a120b732940b60','别让这些闹心的套路，毁了你的网页设计!','别让这些闹心的套路，毁了你的网页设计!','<p>本文很长，记录了我博客建站初到现在的过程，还有我从毕业到现在的一个状态，感谢您的阅读，如果你还是学生，也许你能从此文中，找到我们曾经相似的地方。如果你已经工作，有自己的博客，我想，你并没有忘记当初建立个人博客的初衷吧！<br />\n<br />\n我的个人博客已经建站有8年的时间了，对它的热爱，一直都是只增未减。回想大学读书的那几年，那会儿非常流行QQ空间，我们寝室的室友还经常邀约去学校的网吧做自己的空间。系里有个男生，空间做得非常漂亮，什么悬浮，开场动画，音乐播放器，我们女生羡慕得不得了。还邀约他跟我们一起去通宵弄空间，网上可以找到很多免费的flash资源，还有音乐，那也是第一次接触js，知道在浏览器输入一个地址，修改一下数据，就能调用一些背景出来。然后把自己QQ空间弄得漂漂亮亮的，经常邀约室友来互踩。我记得08年地震，第二天晚上，我们寝室的几个人还淡定的在寝室装扮空间呢！<br />\n<br />\n<img alt=\"\" src=\"http://localhost:9527/static/img/bi01.6aa7b86.jpg\" /><br />\n<br />\n后来空间收费项目也多了，官方漏洞也修复了，加上临近毕业，又要忙着做毕业设计，就没再打理QQ空间。我知道现在的九零后，零零后，你们肯定没看过《一帘幽梦》，那会儿我也是疯狂追剧，喜欢上紫菱，喜欢上她的网站。想看看她的小世界，而我更想学着做一个她那样的网站。那会儿还天真的以为网上真的有她的网站，百度搜了好些天也没有。<br />\n<br />\n要毕业的时候，要交作业了，感觉自己什么都没学会。室友拉着我们去看了她同学做的网站，我们一个个佩服得五体投地，甚至觉得太不可思议了。有难度，又怕自己不会。老师教我们怎么布局，怎么做，并没有教我们右键保存网页。不知道是谁先会了这绝技，然后我们一个个又跟打了鸡血似的，疯狂在网上找网页，右键另存为。然后一个个修改文字，图片。仿佛又回到了那会儿做QQ空间那个时候。拿着copy来，并且精心修改的作品，递交了毕业设计，顺利结业。那会儿还是很蒙，一种云里雾里的感觉，竟有种不知道自己到底是会还是不会的感觉，也就是大家常说的毕业迷茫期。<br />\n<br />\n<img alt=\"\" src=\"http://localhost:9527/static/img/bi02.979b5e2.jpg\" /><br />\n<br />\n工作后进入社会，出去谈业务，遇到一个对网页设计超级感兴趣的人，聊了一下午都还不够，他是完全自学的，做了一个首页宣传他们的产品。他眼里的我就是专业的，总是请教我一些问题。其实我内心特羡慕人家，每次问我，我也似懂非懂的跟人家解决问题，但我还是经常靠百度来搜索他要的答案。他身上那种好学好问的那股劲儿，也成为我迫切想拥有自己的个人博客的一个重要原因。<br />\n<br />\n做博客不是说做就做的，很多东西我都不懂，也不知道要购买域名还有空间。前期要做的工作还是很多。幸好张园同学，也是我实习期的同事，他会这些，教我网上找免费的虚拟空间，然后就是把自己做的页面上传进去，还给了有一个地址，然后就能访问了。那是第一次接触，也了解了整个网站的制作过程，只可惜买域名还有空间需要费用，还在实习期的我，想想也就算了。虚拟空间毕竟是免费的，没多长时间，做过的网页就不能访问了，又得重新注册，重新上传。<br />\n<br />\n等自己有一些资金和技术后，我开始买域名和空间。从一开始，我就没想过只是练练手，或者用一段时间就行了。我会一直用下去，所以精心挑选了域名和空间。这些年除了域名没有更换外，后台程序由asp换成了php，空间从西部数据换成万网，也就是现在的阿里云。一步步升级，就想把最好的一面呈现给大家。很多人问我网站速度怎么访问那么快，其实一是网站程序，页面最好是静态页面。每次我写的代码的时候，我都在琢磨怎么减少代码，减少使用div和图片，让html结构简单化，而又不失美观。所以，网站也改版了有好几次。二是空间还有带宽。这个其实很重要，现在备案跟以前比，快很多了，快的话一星期，慢的话顶多二十天。所以，不是因为特着急的话，还是用国内空间。关于国外空间，其实现在阿里云的香港虚拟主机也不错，访问还是上传都比以前好很多了。用它的小伙伴也挺多。延伸阅读 《<a href=\"http://www.yangqq.com/jstt/web/2014-01-18/644.html\" target=\"_blank\">我的个人博客之&mdash;&mdash;阿里云空间选择</a>》<br />\n<br />\n<img alt=\"\" src=\"http://localhost:9527/static/img/bi03.f888f1f.jpg\" /><br />\n<br />\n个人博客，用来做什么？我刚开始就把它当做一个我吐槽心情的地方，也就相当于一个网络记事本，写上一些关于自己生活工作中的小情小事，也会放上一些照片，音乐。每天工作回家后就能访问自己的网站，一边听着音乐，一边写写文章。虽然访问人数少，我也不在乎这些，个人博客就好像我自己的一个日记本，来窥探的人多了，反而不自在了。因为博客，我还是交了不少朋友。我网站之前的logo就是网友给我设计的。<br />\n<br />\n后来，也是因为同学说百度搜不着我的个人博客，我才开始琢磨怎么把自己的博客排名提上去，放上去一些自己做过的模板，提供免费下载。页面以前也只有一个首页，当初我就是想着设计一个首页就行了，真正想学的人，一个页面足够了，其他页面，都靠自己设计。现在不同啦，近期版本我提供的模板都很全，实在是架不住人多都来问我怎么只有一个页面，虽然我已经在下载说明里面说得很清楚了。也就是提供了这样一些资源，我的个人博客也不再是一个只关乎自己的一个平台。曝光率越来越高，光天化日之下，哪敢放自己照片，写自己心情啊，于是乎，继续这样的模式吧，把自己写的模板放到网站上去。乐于分享，是能结交到很多朋友的。<br />\n<br />\n我的个人博客，在今年三月份之前是没有提供后台安装，调试这些服务的。其实一直都有人找我做个人博客，因为调试时间还有修改的问题，从上传到安装到修改调试，一般要四五个小时，我怕收费高，所以一直都是拒绝的。自从推出来《<a href=\"http://www.yangqq.com/download/div/2017-09-08/789.html\" target=\"_blank\">心蓝时间轴</a>》后，主动找我做网站的也多了，他们都说是我粉丝，喜欢我的模板，所以我在模板下面写了付费说明，我的个人博客也开始有了付费项目。<br />\n<br />\n<img alt=\"\" src=\"http://localhost:9527/static/img/bi06.9e798fa.jpg\" /><br />\n<br />\n我接到的第一单，是一位父亲，想给自家的宝贝建立一个博客。他说他想买一个域名，谈了好几天，最终花了8000多购买到，我挺敬佩他的，对孩子的爱，毫不吝啬。域名固然重要，其实我想说坚持用博客来记录宝贝成长点滴，才是最有价值的。第二单是一个阅读网站，从加他到跟他聊，看他朋友圈，很有才气的一个人，也相当有爱心，他的网站大部分是分享给一些爱好阅读的长者。还有些就是技术类的站长，做资讯，做旅游，做推广的。通常，从选的模板就能看出来网站类型。《<a href=\"http://www.yangqq.com/download/div/2017-09-08/789.html\">心蓝时间轴</a>》偏个人，《<a href=\"http://www.yangqq.com/download/div/2018-03-18/807.html\">绅士</a>》，《<a href=\"http://www.yangqq.com/download/div/2018-04-22/815.html\" target=\"_blank\">格调</a>》偏技术，资讯。《<a href=\"http://www.yangqq.com/download/div/2018-04-18/814.html\" target=\"_blank\">清雅</a>》，《<a href=\"http://www.yangqq.com/download/div/2017-07-16/785.html\" target=\"_blank\">水墨古典</a>》偏文艺。但也有对我防备心的，比如说付款方式，能不能走淘宝，这些我也能理解，但是有些吧，从一开始聊，感觉就不太好，理应就认为不应该收钱，收钱干嘛，到处都是免费的，听到这些，我也慢慢解释。其实他们并不了解我，了解我的网站，只要是从我博客来的，关注过一段时间的，都知道青姐的人品是咋样的。用&ldquo;心塞&rdquo;这个词，毫不为过吧。<br />\n<br />\n我做过的网站，每过一段时间，我都会一个个点击看看进展怎么样，个人博客，不像真实的面对面聊，更多的是文字的交流，不得不说有时候文字传达的信息更能了解一个人，甚至有心灵共鸣。我想我还会再重新做一个仅仅属于自己的个人博客，如果你也想要做一个博客，用来记录自己的家庭，工作，生活，或者讨女友欢心，不妨现在就开始吧！</p>\n','7e0e93ea6cdb44ae92e58f48e6496ed7',0,0,'ee98646f1d684fa4b74f4bff1e1c6f2d',1,'2018-09-25 10:34:19','2018-09-25 10:34:19',NULL,'1','陌溪_','蘑菇博客','2c93dfab0e754006866f8ed486923a41',0),('03dc51d5c94f4c0e80a120b732940b61','别让这些闹心的套路，毁了你的网页设计!','别让这些闹心的套路，毁了你的网页设计!','<p>本文很长，记录了我博客建站初到现在的过程，还有我从毕业到现在的一个状态，感谢您的阅读，如果你还是学生，也许你能从此文中，找到我们曾经相似的地方。如果你已经工作，有自己的博客，我想，你并没有忘记当初建立个人博客的初衷吧！<br />\n<br />\n我的个人博客已经建站有8年的时间了，对它的热爱，一直都是只增未减。回想大学读书的那几年，那会儿非常流行QQ空间，我们寝室的室友还经常邀约去学校的网吧做自己的空间。系里有个男生，空间做得非常漂亮，什么悬浮，开场动画，音乐播放器，我们女生羡慕得不得了。还邀约他跟我们一起去通宵弄空间，网上可以找到很多免费的flash资源，还有音乐，那也是第一次接触js，知道在浏览器输入一个地址，修改一下数据，就能调用一些背景出来。然后把自己QQ空间弄得漂漂亮亮的，经常邀约室友来互踩。我记得08年地震，第二天晚上，我们寝室的几个人还淡定的在寝室装扮空间呢！<br />\n<br />\n<img alt=\"\" src=\"http://localhost:9527/static/img/bi01.6aa7b86.jpg\" /><br />\n<br />\n后来空间收费项目也多了，官方漏洞也修复了，加上临近毕业，又要忙着做毕业设计，就没再打理QQ空间。我知道现在的九零后，零零后，你们肯定没看过《一帘幽梦》，那会儿我也是疯狂追剧，喜欢上紫菱，喜欢上她的网站。想看看她的小世界，而我更想学着做一个她那样的网站。那会儿还天真的以为网上真的有她的网站，百度搜了好些天也没有。<br />\n<br />\n要毕业的时候，要交作业了，感觉自己什么都没学会。室友拉着我们去看了她同学做的网站，我们一个个佩服得五体投地，甚至觉得太不可思议了。有难度，又怕自己不会。老师教我们怎么布局，怎么做，并没有教我们右键保存网页。不知道是谁先会了这绝技，然后我们一个个又跟打了鸡血似的，疯狂在网上找网页，右键另存为。然后一个个修改文字，图片。仿佛又回到了那会儿做QQ空间那个时候。拿着copy来，并且精心修改的作品，递交了毕业设计，顺利结业。那会儿还是很蒙，一种云里雾里的感觉，竟有种不知道自己到底是会还是不会的感觉，也就是大家常说的毕业迷茫期。<br />\n<br />\n<img alt=\"\" src=\"http://localhost:9527/static/img/bi02.979b5e2.jpg\" /><br />\n<br />\n工作后进入社会，出去谈业务，遇到一个对网页设计超级感兴趣的人，聊了一下午都还不够，他是完全自学的，做了一个首页宣传他们的产品。他眼里的我就是专业的，总是请教我一些问题。其实我内心特羡慕人家，每次问我，我也似懂非懂的跟人家解决问题，但我还是经常靠百度来搜索他要的答案。他身上那种好学好问的那股劲儿，也成为我迫切想拥有自己的个人博客的一个重要原因。<br />\n<br />\n做博客不是说做就做的，很多东西我都不懂，也不知道要购买域名还有空间。前期要做的工作还是很多。幸好张园同学，也是我实习期的同事，他会这些，教我网上找免费的虚拟空间，然后就是把自己做的页面上传进去，还给了有一个地址，然后就能访问了。那是第一次接触，也了解了整个网站的制作过程，只可惜买域名还有空间需要费用，还在实习期的我，想想也就算了。虚拟空间毕竟是免费的，没多长时间，做过的网页就不能访问了，又得重新注册，重新上传。<br />\n<br />\n等自己有一些资金和技术后，我开始买域名和空间。从一开始，我就没想过只是练练手，或者用一段时间就行了。我会一直用下去，所以精心挑选了域名和空间。这些年除了域名没有更换外，后台程序由asp换成了php，空间从西部数据换成万网，也就是现在的阿里云。一步步升级，就想把最好的一面呈现给大家。很多人问我网站速度怎么访问那么快，其实一是网站程序，页面最好是静态页面。每次我写的代码的时候，我都在琢磨怎么减少代码，减少使用div和图片，让html结构简单化，而又不失美观。所以，网站也改版了有好几次。二是空间还有带宽。这个其实很重要，现在备案跟以前比，快很多了，快的话一星期，慢的话顶多二十天。所以，不是因为特着急的话，还是用国内空间。关于国外空间，其实现在阿里云的香港虚拟主机也不错，访问还是上传都比以前好很多了。用它的小伙伴也挺多。延伸阅读 《<a href=\"http://www.yangqq.com/jstt/web/2014-01-18/644.html\" target=\"_blank\">我的个人博客之&mdash;&mdash;阿里云空间选择</a>》<br />\n<br />\n<img alt=\"\" src=\"http://localhost:9527/static/img/bi03.f888f1f.jpg\" /><br />\n<br />\n个人博客，用来做什么？我刚开始就把它当做一个我吐槽心情的地方，也就相当于一个网络记事本，写上一些关于自己生活工作中的小情小事，也会放上一些照片，音乐。每天工作回家后就能访问自己的网站，一边听着音乐，一边写写文章。虽然访问人数少，我也不在乎这些，个人博客就好像我自己的一个日记本，来窥探的人多了，反而不自在了。因为博客，我还是交了不少朋友。我网站之前的logo就是网友给我设计的。<br />\n<br />\n后来，也是因为同学说百度搜不着我的个人博客，我才开始琢磨怎么把自己的博客排名提上去，放上去一些自己做过的模板，提供免费下载。页面以前也只有一个首页，当初我就是想着设计一个首页就行了，真正想学的人，一个页面足够了，其他页面，都靠自己设计。现在不同啦，近期版本我提供的模板都很全，实在是架不住人多都来问我怎么只有一个页面，虽然我已经在下载说明里面说得很清楚了。也就是提供了这样一些资源，我的个人博客也不再是一个只关乎自己的一个平台。曝光率越来越高，光天化日之下，哪敢放自己照片，写自己心情啊，于是乎，继续这样的模式吧，把自己写的模板放到网站上去。乐于分享，是能结交到很多朋友的。<br />\n<br />\n我的个人博客，在今年三月份之前是没有提供后台安装，调试这些服务的。其实一直都有人找我做个人博客，因为调试时间还有修改的问题，从上传到安装到修改调试，一般要四五个小时，我怕收费高，所以一直都是拒绝的。自从推出来《<a href=\"http://www.yangqq.com/download/div/2017-09-08/789.html\" target=\"_blank\">心蓝时间轴</a>》后，主动找我做网站的也多了，他们都说是我粉丝，喜欢我的模板，所以我在模板下面写了付费说明，我的个人博客也开始有了付费项目。<br />\n<br />\n<img alt=\"\" src=\"http://localhost:9527/static/img/bi06.9e798fa.jpg\" /><br />\n<br />\n我接到的第一单，是一位父亲，想给自家的宝贝建立一个博客。他说他想买一个域名，谈了好几天，最终花了8000多购买到，我挺敬佩他的，对孩子的爱，毫不吝啬。域名固然重要，其实我想说坚持用博客来记录宝贝成长点滴，才是最有价值的。第二单是一个阅读网站，从加他到跟他聊，看他朋友圈，很有才气的一个人，也相当有爱心，他的网站大部分是分享给一些爱好阅读的长者。还有些就是技术类的站长，做资讯，做旅游，做推广的。通常，从选的模板就能看出来网站类型。《<a href=\"http://www.yangqq.com/download/div/2017-09-08/789.html\">心蓝时间轴</a>》偏个人，《<a href=\"http://www.yangqq.com/download/div/2018-03-18/807.html\">绅士</a>》，《<a href=\"http://www.yangqq.com/download/div/2018-04-22/815.html\" target=\"_blank\">格调</a>》偏技术，资讯。《<a href=\"http://www.yangqq.com/download/div/2018-04-18/814.html\" target=\"_blank\">清雅</a>》，《<a href=\"http://www.yangqq.com/download/div/2017-07-16/785.html\" target=\"_blank\">水墨古典</a>》偏文艺。但也有对我防备心的，比如说付款方式，能不能走淘宝，这些我也能理解，但是有些吧，从一开始聊，感觉就不太好，理应就认为不应该收钱，收钱干嘛，到处都是免费的，听到这些，我也慢慢解释。其实他们并不了解我，了解我的网站，只要是从我博客来的，关注过一段时间的，都知道青姐的人品是咋样的。用&ldquo;心塞&rdquo;这个词，毫不为过吧。<br />\n<br />\n我做过的网站，每过一段时间，我都会一个个点击看看进展怎么样，个人博客，不像真实的面对面聊，更多的是文字的交流，不得不说有时候文字传达的信息更能了解一个人，甚至有心灵共鸣。我想我还会再重新做一个仅仅属于自己的个人博客，如果你也想要做一个博客，用来记录自己的家庭，工作，生活，或者讨女友欢心，不妨现在就开始吧！</p>\n','7e0e93ea6cdb44ae92e58f48e6496ed7',0,0,'95ebbd393dc9432a9d65ac0d7b35cd5c',1,'2018-09-25 10:34:19','2018-09-25 10:34:19',NULL,'1','陌溪_','蘑菇博客','2c93dfab0e754006866f8ed486923a41',0),('03dc51d5c94f4c0e80a120b732940b63','别让这些闹心的套路，毁了你的网页设计!','别让这些闹心的套路，毁了你的网页设计!','<p>本文很长，记录了我博客建站初到现在的过程，还有我从毕业到现在的一个状态，感谢您的阅读，如果你还是学生，也许你能从此文中，找到我们曾经相似的地方。如果你已经工作，有自己的博客，我想，你并没有忘记当初建立个人博客的初衷吧！<br />\n<br />\n我的个人博客已经建站有8年的时间了，对它的热爱，一直都是只增未减。回想大学读书的那几年，那会儿非常流行QQ空间，我们寝室的室友还经常邀约去学校的网吧做自己的空间。系里有个男生，空间做得非常漂亮，什么悬浮，开场动画，音乐播放器，我们女生羡慕得不得了。还邀约他跟我们一起去通宵弄空间，网上可以找到很多免费的flash资源，还有音乐，那也是第一次接触js，知道在浏览器输入一个地址，修改一下数据，就能调用一些背景出来。然后把自己QQ空间弄得漂漂亮亮的，经常邀约室友来互踩。我记得08年地震，第二天晚上，我们寝室的几个人还淡定的在寝室装扮空间呢！<br />\n<br />\n<img alt=\"\" src=\"http://localhost:9527/static/img/bi01.6aa7b86.jpg\" /><br />\n<br />\n后来空间收费项目也多了，官方漏洞也修复了，加上临近毕业，又要忙着做毕业设计，就没再打理QQ空间。我知道现在的九零后，零零后，你们肯定没看过《一帘幽梦》，那会儿我也是疯狂追剧，喜欢上紫菱，喜欢上她的网站。想看看她的小世界，而我更想学着做一个她那样的网站。那会儿还天真的以为网上真的有她的网站，百度搜了好些天也没有。<br />\n<br />\n要毕业的时候，要交作业了，感觉自己什么都没学会。室友拉着我们去看了她同学做的网站，我们一个个佩服得五体投地，甚至觉得太不可思议了。有难度，又怕自己不会。老师教我们怎么布局，怎么做，并没有教我们右键保存网页。不知道是谁先会了这绝技，然后我们一个个又跟打了鸡血似的，疯狂在网上找网页，右键另存为。然后一个个修改文字，图片。仿佛又回到了那会儿做QQ空间那个时候。拿着copy来，并且精心修改的作品，递交了毕业设计，顺利结业。那会儿还是很蒙，一种云里雾里的感觉，竟有种不知道自己到底是会还是不会的感觉，也就是大家常说的毕业迷茫期。<br />\n<br />\n<img alt=\"\" src=\"http://localhost:9527/static/img/bi02.979b5e2.jpg\" /><br />\n<br />\n工作后进入社会，出去谈业务，遇到一个对网页设计超级感兴趣的人，聊了一下午都还不够，他是完全自学的，做了一个首页宣传他们的产品。他眼里的我就是专业的，总是请教我一些问题。其实我内心特羡慕人家，每次问我，我也似懂非懂的跟人家解决问题，但我还是经常靠百度来搜索他要的答案。他身上那种好学好问的那股劲儿，也成为我迫切想拥有自己的个人博客的一个重要原因。<br />\n<br />\n做博客不是说做就做的，很多东西我都不懂，也不知道要购买域名还有空间。前期要做的工作还是很多。幸好张园同学，也是我实习期的同事，他会这些，教我网上找免费的虚拟空间，然后就是把自己做的页面上传进去，还给了有一个地址，然后就能访问了。那是第一次接触，也了解了整个网站的制作过程，只可惜买域名还有空间需要费用，还在实习期的我，想想也就算了。虚拟空间毕竟是免费的，没多长时间，做过的网页就不能访问了，又得重新注册，重新上传。<br />\n<br />\n等自己有一些资金和技术后，我开始买域名和空间。从一开始，我就没想过只是练练手，或者用一段时间就行了。我会一直用下去，所以精心挑选了域名和空间。这些年除了域名没有更换外，后台程序由asp换成了php，空间从西部数据换成万网，也就是现在的阿里云。一步步升级，就想把最好的一面呈现给大家。很多人问我网站速度怎么访问那么快，其实一是网站程序，页面最好是静态页面。每次我写的代码的时候，我都在琢磨怎么减少代码，减少使用div和图片，让html结构简单化，而又不失美观。所以，网站也改版了有好几次。二是空间还有带宽。这个其实很重要，现在备案跟以前比，快很多了，快的话一星期，慢的话顶多二十天。所以，不是因为特着急的话，还是用国内空间。关于国外空间，其实现在阿里云的香港虚拟主机也不错，访问还是上传都比以前好很多了。用它的小伙伴也挺多。延伸阅读 《<a href=\"http://www.yangqq.com/jstt/web/2014-01-18/644.html\" target=\"_blank\">我的个人博客之&mdash;&mdash;阿里云空间选择</a>》<br />\n<br />\n<img alt=\"\" src=\"http://localhost:9527/static/img/bi03.f888f1f.jpg\" /><br />\n<br />\n个人博客，用来做什么？我刚开始就把它当做一个我吐槽心情的地方，也就相当于一个网络记事本，写上一些关于自己生活工作中的小情小事，也会放上一些照片，音乐。每天工作回家后就能访问自己的网站，一边听着音乐，一边写写文章。虽然访问人数少，我也不在乎这些，个人博客就好像我自己的一个日记本，来窥探的人多了，反而不自在了。因为博客，我还是交了不少朋友。我网站之前的logo就是网友给我设计的。<br />\n<br />\n后来，也是因为同学说百度搜不着我的个人博客，我才开始琢磨怎么把自己的博客排名提上去，放上去一些自己做过的模板，提供免费下载。页面以前也只有一个首页，当初我就是想着设计一个首页就行了，真正想学的人，一个页面足够了，其他页面，都靠自己设计。现在不同啦，近期版本我提供的模板都很全，实在是架不住人多都来问我怎么只有一个页面，虽然我已经在下载说明里面说得很清楚了。也就是提供了这样一些资源，我的个人博客也不再是一个只关乎自己的一个平台。曝光率越来越高，光天化日之下，哪敢放自己照片，写自己心情啊，于是乎，继续这样的模式吧，把自己写的模板放到网站上去。乐于分享，是能结交到很多朋友的。<br />\n<br />\n我的个人博客，在今年三月份之前是没有提供后台安装，调试这些服务的。其实一直都有人找我做个人博客，因为调试时间还有修改的问题，从上传到安装到修改调试，一般要四五个小时，我怕收费高，所以一直都是拒绝的。自从推出来《<a href=\"http://www.yangqq.com/download/div/2017-09-08/789.html\" target=\"_blank\">心蓝时间轴</a>》后，主动找我做网站的也多了，他们都说是我粉丝，喜欢我的模板，所以我在模板下面写了付费说明，我的个人博客也开始有了付费项目。<br />\n<br />\n<img alt=\"\" src=\"http://localhost:9527/static/img/bi06.9e798fa.jpg\" /><br />\n<br />\n我接到的第一单，是一位父亲，想给自家的宝贝建立一个博客。他说他想买一个域名，谈了好几天，最终花了8000多购买到，我挺敬佩他的，对孩子的爱，毫不吝啬。域名固然重要，其实我想说坚持用博客来记录宝贝成长点滴，才是最有价值的。第二单是一个阅读网站，从加他到跟他聊，看他朋友圈，很有才气的一个人，也相当有爱心，他的网站大部分是分享给一些爱好阅读的长者。还有些就是技术类的站长，做资讯，做旅游，做推广的。通常，从选的模板就能看出来网站类型。《<a href=\"http://www.yangqq.com/download/div/2017-09-08/789.html\">心蓝时间轴</a>》偏个人，《<a href=\"http://www.yangqq.com/download/div/2018-03-18/807.html\">绅士</a>》，《<a href=\"http://www.yangqq.com/download/div/2018-04-22/815.html\" target=\"_blank\">格调</a>》偏技术，资讯。《<a href=\"http://www.yangqq.com/download/div/2018-04-18/814.html\" target=\"_blank\">清雅</a>》，《<a href=\"http://www.yangqq.com/download/div/2017-07-16/785.html\" target=\"_blank\">水墨古典</a>》偏文艺。但也有对我防备心的，比如说付款方式，能不能走淘宝，这些我也能理解，但是有些吧，从一开始聊，感觉就不太好，理应就认为不应该收钱，收钱干嘛，到处都是免费的，听到这些，我也慢慢解释。其实他们并不了解我，了解我的网站，只要是从我博客来的，关注过一段时间的，都知道青姐的人品是咋样的。用&ldquo;心塞&rdquo;这个词，毫不为过吧。<br />\n<br />\n我做过的网站，每过一段时间，我都会一个个点击看看进展怎么样，个人博客，不像真实的面对面聊，更多的是文字的交流，不得不说有时候文字传达的信息更能了解一个人，甚至有心灵共鸣。我想我还会再重新做一个仅仅属于自己的个人博客，如果你也想要做一个博客，用来记录自己的家庭，工作，生活，或者讨女友欢心，不妨现在就开始吧！</p>\n','7e0e93ea6cdb44ae92e58f48e6496ed7',0,0,'95ebbd393dc9432a9d65ac0d7b35cd5c,720cc8699ccb484caf1c20a477c66382,dde8800dd17c4b8c9de9169fbb0a49f9,35e191c4bfcd45bca64d3b21533ca6b6,829ad31089404f0eb52baa1a8e19705c',1,'2018-09-25 10:34:19','2018-09-25 10:34:19',NULL,'1','陌溪_','蘑菇博客','2c93dfab0e754006866f8ed486923a41',0),('07e0a628d677420092aa63fea13f5f21','别让这些闹心的套路，毁了你的网页设计!','别让这些闹心的套路，毁了你的网页设计!','<p>本文很长，记录了我博客建站初到现在的过程，还有我从毕业到现在的一个状态，感谢您的阅读，如果你还是学生，也许你能从此文中，找到我们曾经相似的地方。如果你已经工作，有自己的博客，我想，你并没有忘记当初建立个人博客的初衷吧！<br />\n<br />\n我的个人博客已经建站有8年的时间了，对它的热爱，一直都是只增未减。回想大学读书的那几年，那会儿非常流行QQ空间，我们寝室的室友还经常邀约去学校的网吧做自己的空间。系里有个男生，空间做得非常漂亮，什么悬浮，开场动画，音乐播放器，我们女生羡慕得不得了。还邀约他跟我们一起去通宵弄空间，网上可以找到很多免费的flash资源，还有音乐，那也是第一次接触js，知道在浏览器输入一个地址，修改一下数据，就能调用一些背景出来。然后把自己QQ空间弄得漂漂亮亮的，经常邀约室友来互踩。我记得08年地震，第二天晚上，我们寝室的几个人还淡定的在寝室装扮空间呢！<br />\n<br />\n<img alt=\"\" src=\"http://localhost:9527/static/img/bi01.6aa7b86.jpg\" /><br />\n<br />\n后来空间收费项目也多了，官方漏洞也修复了，加上临近毕业，又要忙着做毕业设计，就没再打理QQ空间。我知道现在的九零后，零零后，你们肯定没看过《一帘幽梦》，那会儿我也是疯狂追剧，喜欢上紫菱，喜欢上她的网站。想看看她的小世界，而我更想学着做一个她那样的网站。那会儿还天真的以为网上真的有她的网站，百度搜了好些天也没有。<br />\n<br />\n要毕业的时候，要交作业了，感觉自己什么都没学会。室友拉着我们去看了她同学做的网站，我们一个个佩服得五体投地，甚至觉得太不可思议了。有难度，又怕自己不会。老师教我们怎么布局，怎么做，并没有教我们右键保存网页。不知道是谁先会了这绝技，然后我们一个个又跟打了鸡血似的，疯狂在网上找网页，右键另存为。然后一个个修改文字，图片。仿佛又回到了那会儿做QQ空间那个时候。拿着copy来，并且精心修改的作品，递交了毕业设计，顺利结业。那会儿还是很蒙，一种云里雾里的感觉，竟有种不知道自己到底是会还是不会的感觉，也就是大家常说的毕业迷茫期。<br />\n<br />\n<img alt=\"\" src=\"http://localhost:9527/static/img/bi02.979b5e2.jpg\" /><br />\n<br />\n工作后进入社会，出去谈业务，遇到一个对网页设计超级感兴趣的人，聊了一下午都还不够，他是完全自学的，做了一个首页宣传他们的产品。他眼里的我就是专业的，总是请教我一些问题。其实我内心特羡慕人家，每次问我，我也似懂非懂的跟人家解决问题，但我还是经常靠百度来搜索他要的答案。他身上那种好学好问的那股劲儿，也成为我迫切想拥有自己的个人博客的一个重要原因。<br />\n<br />\n做博客不是说做就做的，很多东西我都不懂，也不知道要购买域名还有空间。前期要做的工作还是很多。幸好张园同学，也是我实习期的同事，他会这些，教我网上找免费的虚拟空间，然后就是把自己做的页面上传进去，还给了有一个地址，然后就能访问了。那是第一次接触，也了解了整个网站的制作过程，只可惜买域名还有空间需要费用，还在实习期的我，想想也就算了。虚拟空间毕竟是免费的，没多长时间，做过的网页就不能访问了，又得重新注册，重新上传。<br />\n<br />\n等自己有一些资金和技术后，我开始买域名和空间。从一开始，我就没想过只是练练手，或者用一段时间就行了。我会一直用下去，所以精心挑选了域名和空间。这些年除了域名没有更换外，后台程序由asp换成了php，空间从西部数据换成万网，也就是现在的阿里云。一步步升级，就想把最好的一面呈现给大家。很多人问我网站速度怎么访问那么快，其实一是网站程序，页面最好是静态页面。每次我写的代码的时候，我都在琢磨怎么减少代码，减少使用div和图片，让html结构简单化，而又不失美观。所以，网站也改版了有好几次。二是空间还有带宽。这个其实很重要，现在备案跟以前比，快很多了，快的话一星期，慢的话顶多二十天。所以，不是因为特着急的话，还是用国内空间。关于国外空间，其实现在阿里云的香港虚拟主机也不错，访问还是上传都比以前好很多了。用它的小伙伴也挺多。延伸阅读 《<a href=\"http://www.yangqq.com/jstt/web/2014-01-18/644.html\" target=\"_blank\">我的个人博客之&mdash;&mdash;阿里云空间选择</a>》<br />\n<br />\n<img alt=\"\" src=\"http://localhost:9527/static/img/bi03.f888f1f.jpg\" /><br />\n<br />\n个人博客，用来做什么？我刚开始就把它当做一个我吐槽心情的地方，也就相当于一个网络记事本，写上一些关于自己生活工作中的小情小事，也会放上一些照片，音乐。每天工作回家后就能访问自己的网站，一边听着音乐，一边写写文章。虽然访问人数少，我也不在乎这些，个人博客就好像我自己的一个日记本，来窥探的人多了，反而不自在了。因为博客，我还是交了不少朋友。我网站之前的logo就是网友给我设计的。<br />\n<br />\n后来，也是因为同学说百度搜不着我的个人博客，我才开始琢磨怎么把自己的博客排名提上去，放上去一些自己做过的模板，提供免费下载。页面以前也只有一个首页，当初我就是想着设计一个首页就行了，真正想学的人，一个页面足够了，其他页面，都靠自己设计。现在不同啦，近期版本我提供的模板都很全，实在是架不住人多都来问我怎么只有一个页面，虽然我已经在下载说明里面说得很清楚了。也就是提供了这样一些资源，我的个人博客也不再是一个只关乎自己的一个平台。曝光率越来越高，光天化日之下，哪敢放自己照片，写自己心情啊，于是乎，继续这样的模式吧，把自己写的模板放到网站上去。乐于分享，是能结交到很多朋友的。<br />\n<br />\n我的个人博客，在今年三月份之前是没有提供后台安装，调试这些服务的。其实一直都有人找我做个人博客，因为调试时间还有修改的问题，从上传到安装到修改调试，一般要四五个小时，我怕收费高，所以一直都是拒绝的。自从推出来《<a href=\"http://www.yangqq.com/download/div/2017-09-08/789.html\" target=\"_blank\">心蓝时间轴</a>》后，主动找我做网站的也多了，他们都说是我粉丝，喜欢我的模板，所以我在模板下面写了付费说明，我的个人博客也开始有了付费项目。<br />\n<br />\n<img alt=\"\" src=\"http://localhost:9527/static/img/bi06.9e798fa.jpg\" /><br />\n<br />\n我接到的第一单，是一位父亲，想给自家的宝贝建立一个博客。他说他想买一个域名，谈了好几天，最终花了8000多购买到，我挺敬佩他的，对孩子的爱，毫不吝啬。域名固然重要，其实我想说坚持用博客来记录宝贝成长点滴，才是最有价值的。第二单是一个阅读网站，从加他到跟他聊，看他朋友圈，很有才气的一个人，也相当有爱心，他的网站大部分是分享给一些爱好阅读的长者。还有些就是技术类的站长，做资讯，做旅游，做推广的。通常，从选的模板就能看出来网站类型。《<a href=\"http://www.yangqq.com/download/div/2017-09-08/789.html\">心蓝时间轴</a>》偏个人，《<a href=\"http://www.yangqq.com/download/div/2018-03-18/807.html\">绅士</a>》，《<a href=\"http://www.yangqq.com/download/div/2018-04-22/815.html\" target=\"_blank\">格调</a>》偏技术，资讯。《<a href=\"http://www.yangqq.com/download/div/2018-04-18/814.html\" target=\"_blank\">清雅</a>》，《<a href=\"http://www.yangqq.com/download/div/2017-07-16/785.html\" target=\"_blank\">水墨古典</a>》偏文艺。但也有对我防备心的，比如说付款方式，能不能走淘宝，这些我也能理解，但是有些吧，从一开始聊，感觉就不太好，理应就认为不应该收钱，收钱干嘛，到处都是免费的，听到这些，我也慢慢解释。其实他们并不了解我，了解我的网站，只要是从我博客来的，关注过一段时间的，都知道青姐的人品是咋样的。用&ldquo;心塞&rdquo;这个词，毫不为过吧。<br />\n<br />\n我做过的网站，每过一段时间，我都会一个个点击看看进展怎么样，个人博客，不像真实的面对面聊，更多的是文字的交流，不得不说有时候文字传达的信息更能了解一个人，甚至有心灵共鸣。我想我还会再重新做一个仅仅属于自己的个人博客，如果你也想要做一个博客，用来记录自己的家庭，工作，生活，或者讨女友欢心，不妨现在就开始吧！</p>\n','a9a747d944c24845815356f72723ef8e',1,0,'95ebbd393dc9432a9d65ac0d7b35cd5c,720cc8699ccb484caf1c20a477c66382,dde8800dd17c4b8c9de9169fbb0a49f9,35e191c4bfcd45bca64d3b21533ca6b6,829ad31089404f0eb52baa1a8e19705c,290a1ee600ce40908604b3a5f7dfe57a',1,'2018-09-25 10:33:52','2018-09-25 10:33:52',NULL,'1','陌溪','蘑菇博客','2c93dfab0e754006866f8ed486923a41',3),('07e0a628d677420092aa63fea13f5f23','别让这些闹心的套路，毁了你的网页设计!','别让这些闹心的套路，毁了你的网页设计!','<p>别让这些闹心的套路，毁了你的网页设计!</p>\n','a9a747d944c24845815356f72723ef8e',1,0,'dde8800dd17c4b8c9de9169fbb0a49f9,35e191c4bfcd45bca64d3b21533ca6b6,82f9380f765044edadbe7ab3e441b51b',1,'2018-09-25 10:33:52','2018-09-25 10:33:52',NULL,'1','陌溪','蘑菇博客','2c93dfab0e754006866f8ed486923a41',3),('07e0a628d677420092aa63fea13f5f2e','别让这些闹心的套路，毁了你的网页设计!','别让这些闹心的套路，毁了你的网页设计!','<p>别让这些闹心的套路，毁了你的网页设计!</p>\n','a9a747d944c24845815356f72723ef8e',1,0,'95ebbd393dc9432a9d65ac0d7b35cd5c,720cc8699ccb484caf1c20a477c66382,dde8800dd17c4b8c9de9169fbb0a49f9,35e191c4bfcd45bca64d3b21533ca6b6,829ad31089404f0eb52baa1a8e19705c,290a1ee600ce40908604b3a5f7dfe57a',1,'2018-09-25 10:33:52','2018-09-25 10:33:52',NULL,'1','陌溪','蘑菇博客','2c93dfab0e754006866f8ed486923a41',0),('1a6b52726c6c4c2b954b84fec3e36107','测试博客009','测试博客009','<p><img alt=\"\" src=\"http://120.79.70.126:8600/ckEditorUploadImg/1540110720943.jpg\" style=\"height:100px; width:100px\" /></p>\n\n<p>本文很长，记录了我博客建站初到现在的过程，还有我从毕业到现在的一个状态，感谢您的阅读，如果你还是学生，也许你能从此文中，找到我们曾经相似的<img alt=\"\" src=\"http://120.79.70.126:8600/ckEditorUploadImg/1540110605897.jpg\" style=\"height:450px; width:750px\" />地方。如果你已经工作，有自己的博客，我想，你并没有忘记当初建立个人博客的初衷吧！<br />\n<br />\n我的个人博客已经建站有8年的时间了，对它的热爱，一直都是只增未减。回想大学读书的那几年，那会儿非常流行QQ空间，我们寝室的室友还经常邀约去学校的网吧做自己的空间。系里有个男生，空间做得非常漂亮，什么悬浮，开场动画，音乐播放器，我们女生羡慕得不得了。还邀约他跟我们一起去通宵弄空间，网上可以找到很多免费的flash资源，还有音乐，那也是第一次接触js，知道在浏览器输入一个地址，修改一下数据，就能调用一些背景出来。然后把自己QQ空间弄得漂漂亮亮的，经常邀约室友来互踩。我记得08年地震，第二天晚上，我们寝室的几个人还淡定的在寝室装扮空间呢！<br />\n<br />\n<img alt=\"\" src=\"http://localhost:9527/static/img/bi01.6aa7b86.jpg\" /><br />\n<br />\n后来空间收费项目也多了，官方漏洞也修复了，加上临近毕业，又要忙着做毕业设计，就没再打理QQ空间。我知道现在的九零后，零零后，你们肯定没看过《一帘幽梦》，那会儿我也是疯狂追剧，喜欢上紫菱，喜欢上她的网站。想看看她的小世界，而我更想学着做一个她那样的网站。那会儿还天真的以为网上真的有她的网站，百度搜了好些天也没有。<br />\n<br />\n要毕业的时候，要交作业了，感觉自己什么都没学会。室友拉着我们去看了她同学做的网站，我们一个个佩服得五体投地，甚至觉得太不可思议了。有难度，又怕自己不会。老师教我们怎么布局，怎么做，并没有教我们右键保存网页。不知道是谁先会了这绝技，然后我们一个个又跟打了鸡血似的，疯狂在网上找网页，右键另存为。然后一个个修改文字，图片。仿佛又回到了那会儿做QQ空间那个时候。拿着copy来，并且精心修改的作品，递交了毕业设计，顺利结业。那会儿还是很蒙，一种云里雾里的感觉，竟有种不知道自己到底是会还是不会的感觉，也就是大家常说的毕业迷茫期。<br />\n<br />\n<img alt=\"\" src=\"http://localhost:9527/static/img/bi02.979b5e2.jpg\" /><br />\n<br />\n工作后进入社会，出去谈业务，遇到一个对网页设计超级感兴趣的人，聊了一下午都还不够，他是完全自学的，做了一个首页宣传他们的产品。他眼里的我就是专业的，总是请教我一些问题。其实我内心特羡慕人家，每次问我，我也似懂非懂的跟人家解决问题，但我还是经常靠百度来搜索他要的答案。他身上那种好学好问的那股劲儿，也成为我迫切想拥有自己的个人博客的一个重要原因。<br />\n<br />\n做博客不是说做就做的，很多东西我都不懂，也不知道要购买域名还有空间。前期要做的工作还是很多。幸好张园同学，也是我实习期的同事，他会这些，教我网上找免费的虚拟空间，然后就是把自己做的页面上传进去，还给了有一个地址，然后就能访问了。那是第一次接触，也了解了整个网站的制作过程，只可惜买域名还有空间需要费用，还在实习期的我，想想也就算了。虚拟空间毕竟是免费的，没多长时间，做过的网页就不能访问了，又得重新注册，重新上传。<br />\n<br />\n等自己有一些资金和技术后，我开始买域名和空间。从一开始，我就没想过只是练练手，或者用一段时间就行了。我会一直用下去，所以精心挑选了域名和空间。这些年除了域名没有更换外，后台程序由asp换成了php，空间从西部数据换成万网，也就是现在的阿里云。一步步升级，就想把最好的一面呈现给大家。很多人问我网站速度怎么访问那么快，其实一是网站程序，页面最好是静态页面。每次我写的代码的时候，我都在琢磨怎么减少代码，减少使用div和图片，让html结构简单化，而又不失美观。所以，网站也改版了有好几次。二是空间还有带宽。这个其实很重要，现在备案跟以前比，快很多了，快的话一星期，慢的话顶多二十天。所以，不是因为特着急的话，还是用国内空间。关于国外空间，其实现在阿里云的香港虚拟主机也不错，访问还是上传都比以前好很多了。用它的小伙伴也挺多。延伸阅读 《<a href=\"http://www.yangqq.com/jstt/web/2014-01-18/644.html\" target=\"_blank\">我的个人博客之</a></p>\n','e2c7913050cf4ab9aa92902316aaf075',1,0,'ee98646f1d684fa4b74f4bff1e1c6f2d',1,'2018-09-27 15:14:27','2018-09-27 15:14:27',NULL,'1','陌溪_','蘑菇博客','2c93dfab0e754006866f8ed486923a41',0),('1caabfedccc44916aef97ea636470111','别让这些闹心的套路，毁了你的网页设计!',' 如图，要实现上图效果，我采用如下方法：1、首先在数据库模型，增加字段，分别是图片2，图片3。2、增加标签模板，用if，else if 来判断，输出。思路已打开，样式调用就可以多样化啦',' 如图，要实现上图效果，我采用如下方法：1、首先在数据库模型，增加字段，分别是图片2，图片3。2、增加标签模板，用if，else if 来判断，输出。思路已打开，样式调用就可以多样化啦','f90d3c2fd9434302951130e897a89164',1,0,'720cc8699ccb484caf1c20a477c66382',1,'2018-09-20 15:51:49','2018-09-20 15:51:49',NULL,'0','陌溪','蘑菇博客','2c93dfab0e754006866f8ed486923a41',0),('1caabfedccc44916aef97ea636470113','别让这些闹心的套路，毁了你的网页设计!',' 如图，要实现上图效果，我采用如下方法：1、首先在数据库模型，增加字段，分别是图片2，图片3。2、增加标签模板，用if，else if 来判断，输出。思路已打开，样式调用就可以多样化啦',' 如图，要实现上图效果，我采用如下方法：1、首先在数据库模型，增加字段，分别是图片2，图片3。2、增加标签模板，用if，else if 来判断，输出。思路已打开，样式调用就可以多样化啦','f90d3c2fd9434302951130e897a89164',1,0,'720cc8699ccb484caf1c20a477c66382',1,'2018-09-20 15:51:49','2018-09-20 15:51:49',NULL,'0','陌溪','蘑菇博客','2c93dfab0e754006866f8ed486923a41',0),('1caabfedccc44916aef97ea636470118','别让这些闹心的套路，毁了你的网页设计!',' 如图，要实现上图效果，我采用如下方法：1、首先在数据库模型，增加字段，分别是图片2，图片3。2、增加标签模板，用if，else if 来判断，输出。思路已打开，样式调用就可以多样化啦',' 如图，要实现上图效果，我采用如下方法：1、首先在数据库模型，增加字段，分别是图片2，图片3。2、增加标签模板，用if，else if 来判断，输出。思路已打开，样式调用就可以多样化啦','f90d3c2fd9434302951130e897a89164',1,0,'720cc8699ccb484caf1c20a477c66382',1,'2018-09-20 15:51:49','2018-09-20 15:51:49',NULL,'0','陌溪','蘑菇博客','2c93dfab0e754006866f8ed486923a41',0),('29d9d4f06d6c4fae9d226dd8d2e3bd41','别让这些闹心的套路，毁了你的网页设计!','别让这些闹心的套路，毁了你的网页设计!','别让这些闹心的套路，毁了你的网页设计!','e2c7913050cf4ab9aa92902316aaf075',1,0,'2cc77c9d08ee41f5a0339af5638d64f7',1,'2018-09-25 10:31:17','2018-09-25 10:31:17',NULL,'1','陌溪','蘑菇博客','2c93dfab0e754006866f8ed486923a41',0),('29d9d4f06d6c4fae9d226dd8d2e3bd43','别让这些闹心的套路，毁了你的网页设计!','别让这些闹心的套路，毁了你的网页设计!','别让这些闹心的套路，毁了你的网页设计!','e2c7913050cf4ab9aa92902316aaf075',1,0,'2cc77c9d08ee41f5a0339af5638d64f7',1,'2018-09-25 10:31:17','2018-09-25 10:31:17',NULL,'1','陌溪','蘑菇博客','2c93dfab0e754006866f8ed486923a41',0),('29d9d4f06d6c4fae9d226dd8d2e3bd4b','别让这些闹心的套路，毁了你的网页设计!','别让这些闹心的套路，毁了你的网页设计!','别让这些闹心的套路，毁了你的网页设计!','e2c7913050cf4ab9aa92902316aaf075',1,0,'2cc77c9d08ee41f5a0339af5638d64f7',1,'2018-09-25 10:31:17','2018-09-25 10:31:17',NULL,'1','陌溪','蘑菇博客','2c93dfab0e754006866f8ed486923a41',0),('3ec0629cd5d04ec095c7864542cbfb39','测试','null','<p>1、在github上的仓库建立一个存放图片的文件夹，文件夹名字随意。如：img-folder</p>\n\n<p>2、将需要在READNE.md中显示的图片，push到img-folder文件夹中。</p>\n\n<p>3、然后打开github官网，进入仓库的img-folder文件夹中，打开图片</p>\n\n<p>点击红框所示的按钮，copy地址。</p>\n\n<p><img src=\"https://img-blog.csdn.net/20150119224701447?watermark/2/text/aHR0cDovL2Jsb2cuY3Nkbi5uZXQvcGFueGlhbmd4aW5n/font/5a6L5L2T/fontsize/400/fill/I0JBQkFCMA==/dissolve/70/gravity/Center\" /></p>\n\n<p>4、在README.md中填入：</p>\n\n<p>![Image text](https://raw.github.com/yourName/repositpry/master/yourprojectName/img-folder/test.jpg)</p>\n\n<p>保存即可。</p>\n\n<p>注：![Image text]这个标识不可缺少，不然就显示文字了。</p>\n\n<p>Image text：指的是如果图片不存在了，要显示的文字说明。</p>\n\n<p>&nbsp;</p>\n','e2c7913050cf4ab9aa92902316aaf075',0,0,'829ad31089404f0eb52baa1a8e19705c',0,'2018-10-20 11:18:06','2018-10-20 11:18:06',NULL,'1','陌溪_','蘑菇博客','093d8bdd01c84890a928e923d5c235fe',0),('4000982427cb47edb8c626f409d5377d','Linux下Mysql定时备份','Linux下Mysql定时备份','<p>&nbsp; &nbsp; &nbsp; &nbsp;记得原来第一次使用服务器的时候，当初写了一个小网站，想要上传到服务器上去，当初服务器是买的国外的，因为部署的时候，为了方便，就在控制台把防火墙关闭了！（特别提醒，以后千万别干这种傻事），关闭后就开始安装MariaDB，（MariaDB是mysql的社区版），然后端口号和密码都采用的是初始化的，3306，admin admin，所以网站部署完成以后，第二天就被黑客进行端口扫描后，暴力破解了。留下一条索要比特币恢复数据的记录。&nbsp;&nbsp;&nbsp;</p>\n\n<p>&nbsp; &nbsp; &nbsp; 虽然说我们这个网站也没啥人访问，数据丢了也损失不大，但是如果平时写的博客，上传的图片不见了，也会郁闷一阵子。为了防范未然，我们还是采取一点挽救的措施，比如在服务器上面设置定时备份数据库的任务。好啦，下面进入正题！</p>\n\n<p>&nbsp;</p>\n\n<p>1）我们首先创建一个 &nbsp;bak.sh 的脚本文件，然后输入下面的（下面的命令是我给我现在博客设计的，大概意思就是进入 /bak目录下，然后使用 mysqldump 命令对 mogu_picture 和 mogu_blog表进行备份，然后完事后将数据库添加到压缩文件，同时最后就是讲八天前的数据删除，只保留七天的）</p>\n\n<p>&nbsp;</p>\n\n<p>#!/bin/sh</p>\n\n<p>bseDir=&quot;/bak&quot;;</p>\n\n<p>cd &quot;$baseDir&quot;;</p>\n\n<p>echo &quot;开始备份数据库&quot;;</p>\n\n<p>#开始备份mogu_blog数据库</p>\n\n<p>echo `mysqldump&nbsp; -uroot -p&#39;admin&#39; --default-character-set=utf8&nbsp; mogu_blog &gt; mogu_blog_$(date +%Y%m%d).sql`;</p>\n\n<p>#开始备份mogu_picture数据库</p>\n\n<p>echo `mysqldump&nbsp; -uroot -p&#39;w1313375&#39; --default-character-set=utf8&nbsp; mogu_picture &gt; mogu_picture_$(date +%Y%m%d).sql`;</p>\n\n<p>echo &quot;正在进行被封文件打包&quot;</p>\n\n<p>echo `tar zcvf mogu_blog_$(date +%Y%m%d).tar.gz&nbsp; mogu_blog_$(date +%Y%m%d).sql mogu_picture_$(date +%Y%m%d).sql `;</p>\n\n<p>echo `rm -rf mogu_blog_$(date +%Y%m%d).sql`;</p>\n\n<p>echo `rm -rf mogu_picture_$(date +%Y%m%d).sql`;</p>\n\n<p>echo &quot;备份数据完成&quot;;</p>\n\n<p>oldDate=`date --date=&#39;8 day ago&#39; +%Y%m%d`;</p>\n\n<p>#删除当前日期-8的备份</p>\n\n<p>echo `rm -rf mogu_blog_$oldDate*`;</p>\n\n<p>echo &quot;删除$oldDate的备份成功&quot;</p>\n\n<p>&nbsp;</p>\n\n<p>2) 下面就是使用定时任务，每天执行一次 脚本, 这是使用的是crond</p>\n\n<p>&nbsp; &nbsp; crond是linux下用来周期性的执行某种任务或等待处理某些事件的一个守护进程，与windows下的计划任务类似，当安装完成操作系统后，默认会安装此服务工具，并且会自动启动crond进程，crond进程每分钟会定期检查是否有要执行的任务，如果有要执行的任务，则自动执行该任务。</p>\n\n<p>&nbsp; &nbsp; 用户定期要执行的工作，比如用户数据备份、定时邮件提醒等。用户可以使用&nbsp;crontab&nbsp;工具来定制自己的计划任务。所有用户定义的crontab&nbsp;文件都被保存在&nbsp;/var/spool/cron目录中。其文件名与用户名一致。</p>\n\n<p><strong>crontab文件的含义：</strong></p>\n\n<p>用户所建立的crontab文件中，每一行都代表一项任务，每行的每个字段代表一项设置，它的格式共分为六个字段，前五段是时间设定段，第六段是要执行的命令段，格式如下：</p>\n\n<p>minute&nbsp;&nbsp;&nbsp;hour&nbsp;&nbsp;&nbsp;day&nbsp;&nbsp;&nbsp;month&nbsp;&nbsp;&nbsp;week&nbsp;&nbsp;&nbsp;command</p>\n\n<p>其中：</p>\n\n<p>minute：&nbsp;表示分钟，可以是从0到59之间的任何整数。</p>\n\n<p>hour：表示小时，可以是从0到23之间的任何整数。</p>\n\n<p>day：表示日期，可以是从1到31之间的任何整数。</p>\n\n<p>month：表示月份，可以是从1到12之间的任何整数。</p>\n\n<p>week：表示星期几，可以是从0到7之间的任何整数，这里的0或7代表星期日。</p>\n\n<p>command：要执行的命令，可以是系统命令，也可以是自己编写的脚本文件。</p>\n\n<p><img alt=\"\" src=\"http://120.79.70.126:8600/ckEditorUploadImg/1541314306339.png\" style=\"height:450px; width:542px\" /></p>\n\n<p><strong>在以上各个字段中，还可以使用以下特殊字符：</strong></p>\n\n<p>星号（*）：代表所有可能的值，例如month字段如果是星号，则表示在满足其它字段的制约条件后每月都执行该命令操作。</p>\n\n<p>逗号（,）：可以用逗号隔开的值指定一个列表范围，例如，&ldquo;1,2,5,7,8,9&rdquo;</p>\n\n<p>中杠（-）：可以用整数之间的中杠表示一个整数范围，例如&ldquo;2-6&rdquo;表示&ldquo;2,3,4,5,6&rdquo;</p>\n\n<p>正斜线（/）：可以用正斜线指定时间的间隔频率，例如&ldquo;0-23/2&rdquo;表示每两小时执行一次。同时正斜线可以和星号一起使用，例如*/10，如果用在minute字段，表示每十分钟执行一次。</p>\n\n<p>1、首先先按照crond</p>\n\n<p>yum&nbsp;install&nbsp;crontabs</p>\n\n<p>2、crond启动命令</p>\n\n<p>systemctl start crond</p>\n\n<p>3、关闭</p>\n\n<p>systemctl stop crond</p>\n\n<p>4、开启自启</p>\n\n<p>systemctl enable crond</p>\n','1d1fd6d26c8e40a38637ef6126c45cd0',0,0,'8f1b96ca6c844882858efca25923a62c',1,'2018-11-04 11:23:49','2018-11-04 11:23:49',NULL,'1','陌溪_','蘑菇博客','2c93dfab0e754006866f8ed486923a41',0),('5354ece1473f408cad1847fe2d55c9a1','别让这些闹心的套路，毁了你的网页设计!',' 如图，要实现上图效果，我采用如下方法：1、首先在数据库模型，增加字段，分别是图片2，图片3。2、增加标签模板，用if，else if 来判断，输出。思路已打开，样式调用就可以多样化啦',' 如图，要实现上图效果，我采用如下方法：1、首先在数据库模型，增加字段，分别是图片2，图片3。2、增加标签模板，用if，else if 来判断，输出。思路已打开，样式调用就可以多样化啦','e2c7913050cf4ab9aa92902316aaf075',1,0,'95ebbd393dc9432a9d65ac0d7b35cd5c',1,'2018-09-20 16:42:16','2018-09-20 16:42:16',NULL,'0','陌溪_','嘻嘻嘻嘻','093d8bdd01c84890a928e923d5c235fe',0),('5354ece1473f408cad1847fe2d55c9a2','别让这些闹心的套路，毁了你的网页设计!',' 如图，要实现上图效果，我采用如下方法：1、首先在数据库模型，增加字段，分别是图片2，图片3。2、增加标签模板，用if，else if 来判断，输出。思路已打开，样式调用就可以多样化啦',' 如图，要实现上图效果，我采用如下方法：1、首先在数据库模型，增加字段，分别是图片2，图片3。2、增加标签模板，用if，else if 来判断，输出。思路已打开，样式调用就可以多样化啦','e2c7913050cf4ab9aa92902316aaf075',1,0,'95ebbd393dc9432a9d65ac0d7b35cd5c',1,'2018-09-20 16:42:16','2018-09-20 16:42:16',NULL,'0','陌溪_','嘻嘻嘻嘻','093d8bdd01c84890a928e923d5c235fe',0),('5354ece1473f408cad1847fe2d55c9a3','别让这些闹心的套路，毁了你的网页设计!',' 如图，要实现上图效果，我采用如下方法：1、首先在数据库模型，增加字段，分别是图片2，图片3。2、增加标签模板，用if，else if 来判断，输出。思路已打开，样式调用就可以多样化啦',' 如图，要实现上图效果，我采用如下方法：1、首先在数据库模型，增加字段，分别是图片2，图片3。2、增加标签模板，用if，else if 来判断，输出。思路已打开，样式调用就可以多样化啦','e2c7913050cf4ab9aa92902316aaf075',1,0,'95ebbd393dc9432a9d65ac0d7b35cd5c',1,'2018-09-20 16:42:16','2018-09-20 16:42:16',NULL,'0','陌溪_','嘻嘻嘻嘻','093d8bdd01c84890a928e923d5c235fe',0),('5821462bc29a4570ad80e87f3aa3f021','别让这些闹心的套路，毁了你的网页设计!',' 如图，要实现上图效果，我采用如下方法：1、首先在数据库模型，增加字段，分别是图片2，图片3。2、增加标签模板，用if，else if 来判断，输出。思路已打开，样式调用就可以多样化啦！...',' 如图，要实现上图效果，我采用如下方法：1、首先在数据库模型，增加字段，分别是图片2，图片3。2、增加标签模板，用if，else if 来判断，输出。思路已打开，样式调用就可以多样化啦！...','e2c7913050cf4ab9aa92902316aaf075',12,0,'ee98646f1d684fa4b74f4bff1e1c6f2d',1,'2018-09-20 14:47:53','2018-09-20 14:47:53',NULL,'0','陌溪_','蘑菇博客','2c93dfab0e754006866f8ed486923a41',0),('5821462bc29a4570ad80e87f3aa3f023','别让这些闹心的套路，毁了你的网页设计!',' 如图，要实现上图效果，我采用如下方法：1、首先在数据库模型，增加字段，分别是图片2，图片3。2、增加标签模板，用if，else if 来判断，输出。思路已打开，样式调用就可以多样化啦！...',' 如图，要实现上图效果，我采用如下方法：1、首先在数据库模型，增加字段，分别是图片2，图片3。2、增加标签模板，用if，else if 来判断，输出。思路已打开，样式调用就可以多样化啦！...','e2c7913050cf4ab9aa92902316aaf075',12,0,'ee98646f1d684fa4b74f4bff1e1c6f2d',1,'2018-09-20 14:47:53','2018-09-20 14:47:53',NULL,'0','陌溪_','蘑菇博客','2c93dfab0e754006866f8ed486923a41',0),('5821462bc29a4570ad80e87f3aa3f02d','别让这些闹心的套路，毁了你的网页设计!',' 如图，要实现上图效果，我采用如下方法：1、首先在数据库模型，增加字段，分别是图片2，图片3。2、增加标签模板，用if，else if 来判断，输出。思路已打开，样式调用就可以多样化啦！...',' 如图，要实现上图效果，我采用如下方法：1、首先在数据库模型，增加字段，分别是图片2，图片3。2、增加标签模板，用if，else if 来判断，输出。思路已打开，样式调用就可以多样化啦！...','e2c7913050cf4ab9aa92902316aaf075',12,0,'ee98646f1d684fa4b74f4bff1e1c6f2d',1,'2018-09-20 14:47:53','2018-09-20 14:47:53',NULL,'0','陌溪_','蘑菇博客','2c93dfab0e754006866f8ed486923a41',0),('6ed5e0d7081a415ab77d92c0bd991c57','测试','测试','<p>本文很长，记录了我博客建站初到现在的过程，还有我从毕业到现在的一个状态，感谢您的阅读，如果你还是学生，也许你能从此文中，找到我们曾经相似的地方。如果你已经工作，有自己的博客，我想，你并没有忘记当初建立个人博客的初衷吧！<br />\n<br />\n我的个人博客已经建站有8年的时间了，对它的热爱，一直都是只增未减。回想大学读书的那几年，那会儿非常流行QQ空间，我们寝室的室友还经常邀约去学校的网吧做自己的空间。系里有个男生，空间做得非常漂亮，什么悬浮，开场动画，音乐播放器，我们女生羡慕得不得了。还邀约他跟我们一起去通宵弄空间，网上可以找到很多免费的flash资源，还有音乐，那也是第一次接触js，知道在浏览器输入一个地址，修改一下数据，就能调用一些背景出来。然后把自己QQ空间弄得漂漂亮亮的，经常邀约室友来互踩。我记得08年地震，第二天晚上，我们寝室的几个人还淡定的在寝室装扮空间呢！<br />\n<br />\n<img alt=\"\" src=\"http://localhost:9527/static/img/bi01.6aa7b86.jpg\" /><br />\n<br />\n后来空间收费项目也多了，官方漏洞也修复了，加上临近毕业，又要忙着做毕业设计，就没再打理QQ空间。我知道现在的九零后，零零后，你们肯定没看过《一帘幽梦》，那会儿我也是疯狂追剧，喜欢上紫菱，喜欢上她的网站。想看看她的小世界，而我更想学着做一个她那样的网站。那会儿还天真的以为网上真的有她的网站，百度搜了好些天也没有。<br />\n<br />\n要毕业的时候，要交作业了，感觉自己什么都没学会。室友拉着我们去看了她同学做的网站，我们一个个佩服得五体投地，甚至觉得太不可思议了。有难度，又怕自己不会。老师教我们怎么布局，怎么做，并没有教我们右键保存网页。不知道是谁先会了这绝技，然后我们一个个又跟打了鸡血似的，疯狂在网上找网页，右键另存为。然后一个个修改文字，图片。仿佛又回到了那会儿做QQ空间那个时候。拿着copy来，并且精心修改的作品，递交了毕业设计，顺利结业。那会儿还是很蒙，一种云里雾里的感觉，竟有种不知道自己到底是会还是不会的感觉，也就是大家常说的毕业迷茫期。<br />\n<br />\n<img alt=\"\" src=\"http://localhost:9527/static/img/bi02.979b5e2.jpg\" /><br />\n<br />\n工作后进入社会，出去谈业务，遇到一个对网页设计超级感兴趣的人，聊了一下午都还不够，他是完全自学的，做了一个首页宣传他们的产品。他眼里的我就是专业的，总是请教我一些问题。其实我内心特羡慕人家，每次问我，我也似懂非懂的跟人家解决问题，但我还是经常靠百度来搜索他要的答案。他身上那种好学好问的那股劲儿，也成为我迫切想拥有自己的个人博客的一个重要原因。<br />\n<br />\n做博客不是说做就做的，很多东西我都不懂，也不知道要购买域名还有空间。前期要做的工作还是很多。幸好张园同学，也是我实习期的同事，他会这些，教我网上找免费的虚拟空间，然后就是把自己做的页面上传进去，还给了有一个地址，然后就能访问了。那是第一次接触，也了解了整个网站的制作过程，只可惜买域名还有空间需要费用，还在实习期的我，想想也就算了。虚拟空间毕竟是免费的，没多长时间，做过的网页就不能访问了，又得重新注册，重新上传。<br />\n<br />\n等自己有一些资金和技术后，我开始买域名和空间。从一开始，我就没想过只是练练手，或者用一段时间就行了。我会一直用下去，所以精心挑选了域名和空间。这些年除了域名没有更换外，后台程序由asp换成了php，空间从西部数据换成万网，也就是现在的阿里云。一步步升级，就想把最好的一面呈现给大家。很多人问我网站速度怎么访问那么快，其实一是网站程序，页面最好是静态页面。每次我写的代码的时候，我都在琢磨怎么减少代码，减少使用div和图片，让html结构简单化，而又不失美观。所以，网站也改版了有好几次。二是空间还有带宽。这个其实很重要，现在备案跟以前比，快很多了，快的话一星期，慢的话顶多二十天。所以，不是因为特着急的话，还是用国内空间。关于国外空间，其实现在阿里云的香港虚拟主机也不错，访问还是上传都比以前好很多了。用它的小伙伴也挺多。延伸阅读 《<a href=\"http://www.yangqq.com/jstt/web/2014-01-18/644.html\" target=\"_blank\">我的个人博客之&mdash;&mdash;阿里云空间选择</a>》<br />\n<br />\n<img alt=\"\" src=\"http://localhost:9527/static/img/bi03.f888f1f.jpg\" /><br />\n<br />\n个人博客，用来做什么？我刚开始就把它当做一个我吐槽心情的地方，也就相当于一个网络记事本，写上一些关于自己生活工作中的小情小事，也会放上一些照片，音乐。每天工作回家后就能访问自己的网站，一边听着音乐，一边写写文章。虽然访问人数少，我也不在乎这些，个人博客就好像我自己的一个日记本，来窥探的人多了，反而不自在了。因为博客，我还是交了不少朋友。我网站之前的logo就是网友给我设计的。<br />\n<br />\n后来，也是因为同学说百度搜不着我的个人博客，我才开始琢磨怎么把自己的博客排名提上去，放上去一些自己做过的模板，提供免费下载。页面以前也只有一个首页，当初我就是想着设计一个首页就行了，真正想学的人，一个页面足够了，其他页面，都靠自己设计。现在不同啦，近期版本我提供的模板都很全，实在是架不住人多都来问我怎么只有一个页面，虽然我已经在下载说明里面说得很清楚了。也就是提供了这样一些资源，我的个人博客也不再是一个只关乎自己的一个平台。曝光率越来越高，光天化日之下，哪敢放自己照片，写自己心情啊，于是乎，继续这样的模式吧，把自己写的模板放到网站上去。乐于分享，是能结交到很多朋友的。<br />\n<br />\n我的个人博客，在今年三月份之前是没有提供后台安装，调试这些服务的。其实一直都有人找我做个人博客，因为调试时间还有修改的问题，从上传到安装到修改调试，一般要四五个小时，我怕收费高，所以一直都是拒绝的。自从推出来《<a href=\"http://www.yangqq.com/download/div/2017-09-08/789.html\" target=\"_blank\">心蓝时间轴</a>》后，主动找我做网站的也多了，他们都说是我粉丝，喜欢我的模板，所以我在模板下面写了付费说明，我的个人博客也开始有了付费项目。<br />\n<br />\n<img alt=\"\" src=\"http://localhost:9527/static/img/bi06.9e798fa.jpg\" /><br />\n<br />\n我接到的第一单，是一位父亲，想给自家的宝贝建立一个博客。他说他想买一个域名，谈了好几天，最终花了8000多购买到，我挺敬佩他的，对孩子的爱，毫不吝啬。域名固然重要，其实我想说坚持用博客来记录宝贝成长点滴，才是最有价值的。第二单是一个阅读网站，从加他到跟他聊，看他朋友圈，很有才气的一个人，也相当有爱心，他的网站大部分是分享给一些爱好阅读的长者。还有些就是技术类的站长，做资讯，做旅游，做推广的。通常，从选的模板就能看出来网站类型。《<a href=\"http://www.yangqq.com/download/div/2017-09-08/789.html\">心蓝时间轴</a>》偏个人，《<a href=\"http://www.yangqq.com/download/div/2018-03-18/807.html\">绅士</a>》，《<a href=\"http://www.yangqq.com/download/div/2018-04-22/815.html\" target=\"_blank\">格调</a>》偏技术，资讯。《<a href=\"http://www.yangqq.com/download/div/2018-04-18/814.html\" target=\"_blank\">清雅</a>》，《<a href=\"http://www.yangqq.com/download/div/2017-07-16/785.html\" target=\"_blank\">水墨古典</a>》偏文艺。但也有对我防备心的，比如说付款方式，能不能走淘宝，这些我也能理解，但是有些吧，从一开始聊，感觉就不太好，理应就认为不应该收钱，收钱干嘛，到处都是免费的，听到这些，我也慢慢解释。其实他们并不了解我，了解我的网站，只要是从我博客来的，关注过一段时间的，都知道青姐的人品是咋样的。用&ldquo;心塞&rdquo;这个词，毫不为过吧。<br />\n<br />\n我做过的网站，每过一段时间，我都会一个个点击看看进展怎么样，个人博客，不像真实的面对面聊，更多的是文字的交流，不得不说有时候文字传达的信息更能了解一个人，甚至有心灵共鸣。我想我还会再重新做一个仅仅属于自己的个人博客，如果你也想要做一个博客，用来记录自己的家庭，工作，生活，或者讨女友欢心，不妨现在就开始吧！</p>\n','a9a747d944c24845815356f72723ef8e',1,0,'82f9380f765044edadbe7ab3e441b51b',0,'2018-09-27 15:24:46','2018-09-27 15:24:46',NULL,'1','陌溪_','蘑菇博客','093d8bdd01c84890a928e923d5c235fe',1),('8a7a023fb6094a388dff50e478f295a9','RabbitMQ常用操作','RabbitMQ常用操作','<p><strong>#Rabbit启动</strong></p>\n\n<p>service rabbitmq-server start</p>\n\n<p><strong>#Rabbit关闭</strong></p>\n\n<p>service rabbitmq-server stop</p>\n\n<p><strong>#Rabbit重启</strong></p>\n\n<p>service rabbitmq-server restart</p>\n\n<p><strong>#设置开启启动</strong></p>\n\n<p>chkconfig rabbitmq-server on</p>\n\n<p><strong>#开启web界面管理工具</strong></p>\n\n<p>rabbitmq-plugins enable rabbitmq_management</p>\n','1c76b9848f5f4d71a5e88b20dbaf38f4',0,0,'1d067e9a0ff74faf9519995e64ecfdef',1,'2018-10-25 20:42:21','2018-10-25 20:42:21',NULL,'1','陌溪_','蘑菇博客','093d8bdd01c84890a928e923d5c235fe',2),('9b793e1ef4164f69a77f329dcce08ce4','如何让STS的Console不切换','如何让STS的Console不切换','<p>最近在使用STS进行微服务架构开发的时候，因为同时启动了多个项目，但我在某个项目进行DEBUG查看的时候，控制台console一会又切换到其他地方去了，每次换来换去，非常麻烦！</p>\n\n<p><img alt=\"\" src=\"http://120.79.70.126:8600/ckEditorUploadImg/1540279747955.png\" style=\"height:79px; width:600px\" /></p>\n\n<p>上图就是启动的项目，其中eureka是用于服务发现，每个10多秒就会发送一个心跳包进行控制台输出。</p>\n\n<p>解决方法：</p>\n\n<p>1、在上方菜单栏中，找到 windown -&gt; Preferences -&gt; Run/Debug -&gt; Console</p>\n\n<p><img alt=\"\" src=\"http://120.79.70.126:8600/ckEditorUploadImg/1540280176183.png\" style=\"height:531px; width:600px\" /></p>\n\n<p>2、将上述的两个&radic;取消掉，就不跳转了。</p>\n\n<p>上面两个选项的意思是指：当程序有输出或者错误的时候显示，所以每次当某个项目有输出的时候，就会切换。</p>\n\n<p>&nbsp;</p>\n','7e0e93ea6cdb44ae92e58f48e6496ed7',0,0,'282f7a1ae2594c09b296daaa961313e3',1,'2018-10-23 15:39:06','2018-10-23 15:39:06',NULL,'1','陌溪_','蘑菇博客','093d8bdd01c84890a928e923d5c235fe',2),('9d45e0687cd84d4d878d71a168870553','关于使用@RequestBody出现JSON日期转换的问题','关于使用@RequestBody出现JSON日期转换的问题','<p>原因：主要问题就是实体类的Date转化Json过程出现错误，</p>\n\n<p>请求数据格式为：&nbsp;&#39;yyyy-MM-dd HH:mm:ss&#39;,但是在接收到数据的时候，需要通过jackson把数据转化成userDto对象。jackson转化的时候，默认的时间格式是&nbsp;&#39;yyyy-MM-dd&#39;T&#39;HH:mm:ss.SSS&rsquo;,所以就会出现上面的异常。</p>\n\n<p>方法： 在时间类上加入这两个注解就OK了</p>\n\n<p>@DateTimeFormat(pattern = &quot;yyyy-MM-dd HH:mm:ss&quot;)</p>\n\n<p>@JsonFormat(pattern = &quot;yyyy-MM-dd HH:mm:ss&quot;)</p>\n','7e0e93ea6cdb44ae92e58f48e6496ed7',0,0,'371c9ed84b5f42bfa329dbbf4bcff917',1,'2018-10-23 15:50:50','2018-10-23 15:50:50',NULL,'1','陌溪_','蘑菇博客','2c93dfab0e754006866f8ed486923a41',0),('a0679b64e4ca4a7cbc8eab2f263b1dc9','CKeditor如何设置代码高亮','CKeditor如何设置代码高亮','<p>CKeditor如何设置代码高亮</p>\n\n<p>今天在看别人的写的博客的时候，发现别人的代码都是有代码高亮显示的。因为博客目前使用的是CKEditor，仔细观察了一波，上面是没有用于代码高亮的选项。</p>\n\n<p>&nbsp;</p>\n\n<p><img alt=\"\" src=\"http://120.79.70.126:8600/ckEditorUploadImg/1541334603721.png\" style=\"height:119px; width:646px\" /></p>\n\n<p>后面进过查找相关的博客，发现我们需要配置相关的插件后才能使用。因为我当初下载的CKEditor是完整版本的，包含全部的插件内容，所以只需要在config.js里面进行配置即可</p>\n\n<p>&nbsp;&nbsp;&nbsp;&nbsp;<em>// codesnippet: </em><em>代码块</em><em> </em></p>\n\n<p>&nbsp;&nbsp;&nbsp;&nbsp;config.extraPlugins = &#39;codesnippet&#39;;</p>\n\n<p>&nbsp;&nbsp;&nbsp;&nbsp;</p>\n\n<p>&nbsp;&nbsp;&nbsp;&nbsp;<em>//</em><em>配置代码块风格</em></p>\n\n<p>&nbsp;&nbsp;&nbsp;&nbsp;codeSnippet_theme: &#39;zenburn&#39;;</p>\n\n<p>&nbsp;</p>\n\n<p>这里zenburn是黑色风格的，不配置的话是默认default风格。</p>\n\n<p>配置好了后，重新启动相关，发现在菜单栏中多了一个按钮</p>\n\n<p><img alt=\"\" src=\"http://120.79.70.126:8600/ckEditorUploadImg/1541334627112.png\" style=\"height:131px; width:656px\" /></p>\n\n<p>&nbsp;</p>\n\n<p>我们点击后，就能弹出代码段的窗口，</p>\n\n<p>&nbsp;</p>\n\n<p><img alt=\"\" src=\"http://120.79.70.126:8600/ckEditorUploadImg/1541334635653.png\" style=\"height:688px; width:821px\" /></p>\n\n<p>最后就能插入代码上去了！</p>\n\n<p><img alt=\"\" src=\"http://120.79.70.126:8600/ckEditorUploadImg/1541334662454.png\" style=\"height:703px; width:748px\" /></p>\n\n<p>&nbsp;</p>\n\n<p>好了，到这里CKEditor已经支持高亮显示了。但是还有一个问题就是，我们前端页面还不能正常显示高亮，所以还需要下一步进行配置。</p>\n\n<p>首先我们需要下载一个highlight的js文件</p>\n\n<p><a href=\"https://highlightjs.org/\" target=\"_blank\">https://highlightjs.org/</a></p>\n\n<p>进去这个网站后，选择常用语言，然后点击download</p>\n\n<p><img alt=\"\" src=\"http://120.79.70.126:8600/ckEditorUploadImg/1541334678680.png\" style=\"height:230px; width:796px\" /></p>\n\n<p>解压完成后会有两个文件</p>\n\n<p>&nbsp;</p>\n\n<p>Styles中存放的是一些样式</p>\n\n<p>Highlight.pack.js 是决定那部分变色</p>\n\n<p>&nbsp;</p>\n\n<p>最后我们需要把文件放到我们的前端vue项目中，然后在index.html中引入</p>\n\n<p>&nbsp;</p>\n\n<p><em>&lt;!--</em><em>引入代码高亮</em><em>--&gt;</em></p>\n\n<p><em>&lt;!--</em><em>开头这里的样式为默认的风格，可以根据自己的喜好更换风格</em><em>--&gt;</em></p>\n\n<p><em>&lt;!--</em><em>我的高亮效果是</em><em>zenburn--&gt;</em></p>\n\n<p>&lt;link rel=&quot;stylesheet&quot; href=&quot;static/highlight/styles/zenburn.css&quot;&gt;</p>\n\n<p>&lt;script src=&#39;static/highlight/highlight.pack.js&#39; type=&quot;text/javascript&quot;&gt;&lt;/script&gt;</p>\n\n<p>&nbsp;</p>\n\n<p>然后在main.js中加入这句</p>\n\n<p>&nbsp;</p>\n\n<p>Vue.directive(&#39;highlight&#39;, <strong>function</strong> (el) {</p>\n\n<p>&nbsp; <strong>let</strong> blocks = el.querySelectorAll(&#39;pre code&#39;);</p>\n\n<p>&nbsp; blocks.forEach((block)<strong>=&gt;</strong>{</p>\n\n<p>&nbsp;&nbsp;&nbsp; hljs.highlightBlock(block)</p>\n\n<p>&nbsp; })</p>\n\n<p>})</p>\n\n<p>&nbsp;</p>\n\n<p>最后一步就是渲染的时候，我们使用标签</p>\n\n<p>#在要使用高亮的地方使用v-highlight指令</p>\n\n<p>&lt;div v-html=&quot;Marked&quot; v-highlight&gt;</p>\n\n<p>&lt;/div&gt;</p>\n\n<p>&nbsp;</p>\n','a9a747d944c24845815356f72723ef8e',0,0,'4f016786d65a4abe83cb12b14a576948',1,'2018-11-04 20:32:15','2018-11-04 20:32:15',NULL,'1','陌溪_','蘑菇博客','2c93dfab0e754006866f8ed486923a41',0),('a0c776a6698b4a0a95fce22b396cd0b4','SpringBoot从Redis中将字符串转换为POJO报错','SpringBoot从Redis中将字符串转换为POJO报错，Attempted to serialize java.lang.Class. Forgot to register a type adapter?','<p>今天在使用在用Redis做缓存的时候，通过JsonUtils工具类，将List&lt;Blog&gt;转换成字符串，缓存到Redis中，然后在通过JsonUtils.toCollection(list, Blog.class)操作将Redis取出来的字符串，变成List&lt;Blog&gt;，但是返回的时候，却出现了报错。</p>\n\n<p>Attempted to serialize java.lang.Class. Forgot to register a type adapter?</p>\n\n<p>从字面意思能看出，是序列化的时候出现了问题，忘记注册适配器？</p>\n\n<p>最后通过google查找，在overflow找到这问题</p>\n\n<p>https://stackoverflow.com/questions/29908128/gson-and-active-android-attempted-to-serialize-java-lang-class-forgot-to-regis</p>\n\n<p>大致是需要是初始化您的Gson，如下所示，以防止序列化Final，Transient或Static字段</p>\n\n<pre>\n<code>Gson gson = new GsonBuilder()\n            .excludeFieldsWithModifiers(Modifier.FINAL, Modifier.TRANSIENT, Modifier.STATIC)\n            .serializeNulls()\n            .create();</code></pre>\n\n<p><code>即在创建GsonBuilder的时候，需要加上serializeNulls，即支持空字符串的序列化，最后程序能够成功运行了。</code></p>\n\n<h1>&nbsp;</h1>\n','7e0e93ea6cdb44ae92e58f48e6496ed7',1,0,'8f48f07f30314960a38a0b85c4f1f34a',1,'2018-10-27 17:03:50','2018-10-27 17:03:50',NULL,'1','陌溪_','蘑菇博客','2c93dfab0e754006866f8ed486923a41',0),('b3f01d1429dc4be58123322b10fb318f','如何将SpringBoot项目打包成war包','如何将SpringBoot项目打包成war包','<p>&nbsp; &nbsp; &nbsp; &nbsp;这阵子在将博客部署在阿里云的时候，因为我的博客目前用到的微服务比较多，现在大概有五六个模块，如 eureka，pciture，sms，admin，web，这些是使用spring boot创建的项目，在加上solr搜索服务，如果采用spring boot 打包成jar包的方式，那么可能服务器内存就不够用了，因为一个jar里面集成了tomcat，所以五个jar，就相当于跑了5台tomcat服务器。</p>\n\n<p>&nbsp; &nbsp; &nbsp; &nbsp;以我用学生价买的阿里云服务器为例，大概1核2G，所以2G内存的话，大概就只是跑五个tomcat了，不然内存可能就不够了，哭穷~~~~~~。那么在加上mysql，redis，nginx，rabbitmq，solr，那些也需要占用的内存。。。所以想要用这台服务器采用jar的方式，很显然是不可能完成的，那么需要就只能采用打包成war的方式了。把5个模块 和solr 都丢到一个tomcat容器里面，这样就能节省下很多内存下来，使用其他了。下面进入正题。</p>\n\n<p>1）首先，我们需要修改的是pom文件，将打包方式 改成&nbsp; war&nbsp;</p>\n\n<p>&nbsp; &nbsp; &nbsp; &nbsp;&lt;packaging&gt;war&lt;/packaging&gt;</p>\n\n<p>2）排除掉 spring-boot-starter-web自带的tomcat</p>\n\n<p>&nbsp;&nbsp; &nbsp;&nbsp;&nbsp; &nbsp;&lt;dependency&gt;<br />\n&nbsp;&nbsp; &nbsp; &nbsp; &nbsp; &nbsp; &nbsp;&lt;groupId&gt;org.springframework.boot&lt;/groupId&gt;<br />\n&nbsp;&nbsp; &nbsp; &nbsp; &nbsp; &nbsp; &nbsp;&lt;artifactId&gt;spring-boot-starter-web&lt;/artifactId&gt;<br />\n&nbsp; &nbsp; &nbsp; &nbsp; &nbsp; &nbsp; &lt;exclusions&gt; &nbsp;<br />\n&nbsp;&nbsp; &nbsp; &nbsp; &nbsp; &nbsp; &nbsp; &nbsp; &nbsp; &lt;exclusion&gt; &nbsp;<br />\n&nbsp;&nbsp; &nbsp; &nbsp; &nbsp; &nbsp; &nbsp; &nbsp; &nbsp; &nbsp; &nbsp; &lt;groupId&gt;org.springframework.boot&lt;/groupId&gt; &nbsp;<br />\n&nbsp;&nbsp; &nbsp; &nbsp; &nbsp; &nbsp; &nbsp; &nbsp; &nbsp; &nbsp; &nbsp; &lt;artifactId&gt;spring-boot-starter-tomcat&lt;/artifactId&gt; &nbsp;<br />\n&nbsp;&nbsp; &nbsp; &nbsp; &nbsp; &nbsp; &nbsp; &nbsp; &nbsp; &lt;/exclusion&gt; &nbsp;<br />\n&nbsp;&nbsp; &nbsp; &nbsp; &nbsp; &nbsp; &nbsp; &lt;/exclusions&gt;<br />\n&nbsp; &nbsp; &nbsp;&nbsp; &nbsp;&lt;/dependency&gt;</p>\n\n<p>3）然后修改&lt;build&gt;&lt;/build&gt;</p>\n\n<p>&nbsp; &nbsp; &lt;build&gt;<br />\n&nbsp;&nbsp; &nbsp;&nbsp;&nbsp; &nbsp; &nbsp;&lt;resources&gt;<br />\n&nbsp;&nbsp; &nbsp;&nbsp;&nbsp; &nbsp; &nbsp; &lt;resource&gt;<br />\n&nbsp;&nbsp; &nbsp;&nbsp;&nbsp; &nbsp; &nbsp; &nbsp; &nbsp; &lt;directory&gt;src/main/java&lt;/directory&gt;<br />\n&nbsp;&nbsp; &nbsp;&nbsp;&nbsp; &nbsp; &nbsp; &nbsp; &nbsp; &lt;includes&gt;<br />\n&nbsp;&nbsp; &nbsp;&nbsp;&nbsp; &nbsp; &nbsp; &nbsp; &nbsp; &nbsp; &nbsp; &lt;include&gt;**/*.xml&lt;/include&gt;<br />\n&nbsp;&nbsp; &nbsp;&nbsp;&nbsp; &nbsp; &nbsp; &nbsp; &nbsp; &lt;/includes&gt;<br />\n&nbsp;&nbsp; &nbsp;&nbsp;&nbsp; &nbsp; &nbsp; &lt;/resource&gt;<br />\n&nbsp;&nbsp; &nbsp;&nbsp;&nbsp; &nbsp; &nbsp; &lt;resource&gt;<br />\n&nbsp;&nbsp; &nbsp;&nbsp;&nbsp; &nbsp; &nbsp; &nbsp; &nbsp; &lt;directory&gt;src/main/resources&lt;/directory&gt;<br />\n&nbsp;&nbsp; &nbsp;&nbsp;&nbsp; &nbsp; &nbsp; &nbsp; &nbsp; &lt;includes&gt;<br />\n&nbsp;&nbsp; &nbsp;&nbsp;&nbsp; &nbsp; &nbsp; &nbsp; &nbsp; &nbsp; &nbsp; &lt;include&gt;**.*&lt;/include&gt;<br />\n&nbsp;&nbsp; &nbsp;&nbsp;&nbsp; &nbsp; &nbsp; &nbsp; &nbsp; &nbsp; &nbsp; &lt;include&gt;**/*.*&lt;/include&gt;&lt;!-- i18n能读取到 --&gt;<br />\n&nbsp;&nbsp; &nbsp;&nbsp;&nbsp; &nbsp; &nbsp; &nbsp; &nbsp; &nbsp; &nbsp; &nbsp;&lt;include&gt;**/*/*.*&lt;/include&gt;<br />\n&nbsp;&nbsp; &nbsp;&nbsp;&nbsp; &nbsp; &nbsp; &nbsp; &nbsp; &lt;/includes&gt;<br />\n&nbsp;&nbsp; &nbsp;&nbsp;&nbsp; &nbsp; &nbsp; &lt;/resource&gt;<br />\n&nbsp;&nbsp; &nbsp;&nbsp;&nbsp; &nbsp; &lt;/resources&gt;<br />\n&nbsp; &nbsp; &nbsp; &nbsp; &lt;plugins&gt;<br />\n&nbsp; &nbsp; &nbsp; &nbsp; &nbsp; &nbsp; &lt;plugin&gt;<br />\n&nbsp; &nbsp; &nbsp; &nbsp; &nbsp; &nbsp; &nbsp;&nbsp; &nbsp;&lt;groupId&gt;org.apache.maven.plugins&lt;/groupId&gt;<br />\n&nbsp;&nbsp; &nbsp;&nbsp;&nbsp; &nbsp;&nbsp;&nbsp; &nbsp; &nbsp; &nbsp;&lt;artifactId&gt;maven-war-plugin&lt;/artifactId&gt;<br />\n&nbsp;&nbsp; &nbsp;&nbsp;&nbsp; &nbsp;&nbsp;&nbsp; &nbsp; &nbsp; &nbsp;&lt;configuration&gt;<br />\n&nbsp;&nbsp; &nbsp;&nbsp;&nbsp; &nbsp;&nbsp;&nbsp; &nbsp; &nbsp; &nbsp; &nbsp; &nbsp;&lt;warName&gt;mogu_sms&lt;/warName&gt;<br />\n&nbsp;&nbsp; &nbsp;&nbsp;&nbsp; &nbsp;&nbsp;&nbsp; &nbsp; &nbsp; &nbsp; &nbsp; &nbsp;&lt;failOnMissingWebXml&gt;false&lt;/failOnMissingWebXml&gt;<br />\n&nbsp; &nbsp; &nbsp; &nbsp; &nbsp; &nbsp; &nbsp; &nbsp; &nbsp;&nbsp;&nbsp; &nbsp;&lt;outputDirectory&gt;webapps&lt;/outputDirectory&gt;<br />\n&nbsp;&nbsp; &nbsp;&nbsp;&nbsp; &nbsp;&nbsp;&nbsp; &nbsp; &nbsp; &nbsp;&lt;/configuration&gt;<br />\n&nbsp; &nbsp; &nbsp; &nbsp; &nbsp; &nbsp; &lt;/plugin&gt;<br />\n&nbsp; &nbsp; &nbsp; &nbsp; &lt;/plugins&gt;<br />\n&nbsp; &nbsp; &nbsp; &nbsp; &lt;finalName&gt;mogu_sms&lt;/finalName&gt;<br />\n&nbsp; &nbsp; &lt;/build&gt;</p>\n\n<p>3) 然后在修改 Application.java 启动类，若打包成war包,则需要继承&nbsp;<strong>org.springframework.boot.context.web.SpringBootServletInitializer</strong>类,覆盖其config(SpringApplicationBuilder)方法</p>\n\n<p>@SpringBootApplication<br />\npublic class APP extends SpringBootServletInitializer{<br />\n&nbsp;&nbsp; &nbsp;<br />\n&nbsp; &nbsp; @Override<br />\n&nbsp; &nbsp; protected SpringApplicationBuilder configure(SpringApplicationBuilder builder) {<br />\n&nbsp; &nbsp; &nbsp; &nbsp; return builder.sources(APP.class);<br />\n&nbsp; &nbsp; }</p>\n\n<p>&nbsp; &nbsp; public static void main(String[] args){<br />\n&nbsp; &nbsp; &nbsp; &nbsp; SpringApplication.run(APP.class,args);<br />\n&nbsp; &nbsp; }<br />\n}</p>\n\n<p>4）完成后，使用maven clean install 命令，就能看到在 项目根目录的webapps目录下，看到 打包好的war包了。<br />\n&nbsp;</p>\n\n<p>最后将全部模块弄好后，丢到阿里云的tomcat容器里面，部署了6个项目，大概占用60%内存，还不错~<img alt=\"\" src=\"http://120.79.70.126:8600/ckEditorUploadImg/1541210475637.png\" style=\"height:153px; width:582px\" /></p>\n\n<p>&nbsp;</p>\n\n<p>&nbsp; &nbsp; &nbsp;&nbsp;</p>\n\n<p>&nbsp;</p>\n\n<p>&nbsp;</p>\n','53c5a0f3142e4f54820315936f78383b',0,0,'2508670a57b54a5b8f66dd7547d52cd1',1,'2018-11-03 09:41:44','2018-11-03 09:41:44',NULL,'1','陌溪_','蘑菇博客','2c93dfab0e754006866f8ed486923a41',1),('cc6f6e977a494ad69e88043e6a5a24b1','别让这些闹心的套路，毁了你的网页设计!','别让这些闹心的套路，毁了你的网页设计!','<p>别让这些闹心的套路，毁了你的网页设计!</p>\n','ca928e8718654aa5a802e2f69277b137',1,0,'dde8800dd17c4b8c9de9169fbb0a49f9',1,'2018-09-25 10:33:27','2018-09-25 10:33:27',NULL,'1','陌溪','蘑菇博客','093d8bdd01c84890a928e923d5c235fe',4),('cc6f6e977a494ad69e88043e6a5a24b3','别让这些闹心的套路，毁了你的网页设计!','别让这些闹心的套路，毁了你的网页设计!','<p>别让这些闹心的套路，毁了你的网页设计!</p>\n','ca928e8718654aa5a802e2f69277b137',1,0,'dde8800dd17c4b8c9de9169fbb0a49f9,35e191c4bfcd45bca64d3b21533ca6b6',1,'2018-09-25 10:33:27','2018-09-25 10:33:27',NULL,'1','陌溪','蘑菇博客','093d8bdd01c84890a928e923d5c235fe',4),('cc6f6e977a494ad69e88043e6a5a24bc','别让这些闹心的套路，毁了你的网页设计!','别让这些闹心的套路，毁了你的网页设计!','<p>别让这些闹心的套路，毁了你的网页设计!</p>\n','ca928e8718654aa5a802e2f69277b137',1,0,'ee98646f1d684fa4b74f4bff1e1c6f2d',1,'2018-09-25 10:33:27','2018-09-25 10:33:27',NULL,'1','陌溪','蘑菇博客','093d8bdd01c84890a928e923d5c235fe',1),('cced737de6d840758ed1349aef774988','CKEditor如何配置能从word中直接粘贴图片','CKEditor如何配置能从word中直接粘贴图片','<p>&nbsp; &nbsp;之前配置通过网上教程，配置好了CKEditor图片上传好，发现效果并不好，因为word中的图片是不能直接复制粘贴上去的，直接复制的话，会出现下面的情况。</p>\n\n<p><img alt=\"\" src=\"http://120.79.70.126:8600/ckEditorUploadImg/1541383489045.png\" style=\"height:405px; width:600px\" /></p>\n\n<p>其实ckeditor是支持复制上传的，只需要在之前的js的filebrowserImageUploadUrl配置的上传路径最后加一个?就可以了，如下：</p>\n\n<p>&nbsp;&nbsp;&nbsp;&nbsp;//开启工具栏&ldquo;图像&rdquo;中文件上传功能，后面的url为待会要上传action要指向的的action或servlet</p>\n\n<p>&nbsp;&nbsp;&nbsp;&nbsp;config.filebrowserImageUploadUrl = &quot;http://localhost:8602/ckeditor/imgUpload?&quot;;</p>\n\n<p>我们ckeditor的config.js文件中， 找到上传的方法，后方加入问号，就能够成功添加QQ截图和word中图片了</p>\n\n<p><img alt=\"\" src=\"http://120.79.70.126:8600/ckEditorUploadImg/1541384829124.png\" style=\"height:389px; width:785px\" /></p>\n\n<p>&nbsp;</p>\n','a9a747d944c24845815356f72723ef8e',0,0,'fc40260e4fda4e99a4c7a32635f4dc15',1,'2018-11-05 10:27:17','2018-11-05 10:27:17',NULL,'1','陌溪_','蘑菇博客','2c93dfab0e754006866f8ed486923a41',0),('cf43070de33b47999dd1eca5700ffe58','CentOS下如何卸载yum安装的Eralng','CentOS下如何卸载yum安装的Eralng','<p>今天我在正式服务器部署的Rabbit的时候，因为Erlang版本的问题，不能正常的使用RabbitMQ，所有打算删除掉</p>\n\n<p>使用 yum install erlang 安装的 eralng。</p>\n\n<p>但是，在我使用 yum list | grep erlang 的时候，发现有很多的安装列表。</p>\n\n<p><br />\n<img alt=\"\" src=\"http://120.79.70.126:8600/ckEditorUploadImg/1541155761263.png\" style=\"height:689px; width:600px\" /></p>\n\n<p>我们能看到有这么多的包，如果使用 yum remove&nbsp; erlang.XXX 来删除，很显然是不实际的。</p>\n\n<p>所以这里我们可以通过yum的另外一个命令&nbsp; &nbsp; yum history&nbsp; list&nbsp; erlang&nbsp; 能查看到关于erlang 的一些相关yum操作</p>\n\n<p><!--StartFragment --></p>\n\n<p><img alt=\"\" src=\"http://120.79.70.126:8600/ckEditorUploadImg/1541155935058.png\" style=\"height:129px; width:606px\" /></p>\n\n<p>这里能看到 Command line，输入的命令 以及整个命令执行的时间。第一个ID，表示整个命令的ID。</p>\n\n<p>我们可以看到最早之前，10月25日的时候，我通过install&nbsp; eralng安装了 erlang，所以我们需要回到这个时间</p>\n\n<p>将这个命令撤销掉。</p>\n\n<p>那么就可以输入&nbsp; &nbsp;yum history&nbsp; undo&nbsp; &nbsp;3&nbsp;&nbsp;</p>\n\n<p>其中 3 表示的是ID号。</p>\n\n<p>输入完后，我们能看到他重新回到了我们执行 install eralng 的阶段，所以只需要输入N，即完成了操作，所以到了</p>\n\n<p>这里，我们系统就没有安装Eralng了。</p>\n\n<p><img alt=\"\" src=\"http://120.79.70.126:8600/ckEditorUploadImg/1541156191902.png\" style=\"height:642px; width:914px\" /></p>\n','1d1fd6d26c8e40a38637ef6126c45cd0',0,0,'5a9ea2261ed2466a884db30df54d704e',1,'2018-11-02 18:57:12','2018-11-02 18:57:12',NULL,'1','陌溪_','蘑菇博客','2c93dfab0e754006866f8ed486923a41',1),('e6b65558d5f14840b02f28efcde53779','Vue深度嵌套时，无法被监听到的问题','Vue深度嵌套时，无法被监听到的问题','<p><!--StartFragment --></p>\n\n<p><img alt=\"\" src=\"http://120.79.70.126:8600/ckEditorUploadImg/1540802382548.png\" style=\"height:174px; width:328px\" /></p>\n\n<p>首先在data中，有上面这样一个form对象，后面我使用代码改变bortherRalation中的值后，发现数据并没有更新。</p>\n\n<p><img alt=\"\" src=\"http://120.79.70.126:8600/ckEditorUploadImg/1540804934582.png\" style=\"height:430px; width:500px\" /></p>\n\n<p>因为这个是属于form中的 bortherRelation的变化，并不能使vue监听到变化，所以就不能改变。所以需要添加监听，deep = true</p>\n\n<p><img alt=\"\" src=\"http://120.79.70.126:8600/ckEditorUploadImg/1540805312167.png\" style=\"height:165px; width:503px\" /></p>\n\n<p>由于 JavaScript 的限制，Vue 不能检测以下变动的数组：</p>\n\n<ol>\n	<li>当你利用索引直接设置一个项时，例如：<code>vm.items[indexOfItem] = newValue</code></li>\n	<li>当你修改数组的长度时，例如：<code>vm.items.length = newLength</code></li>\n</ol>\n\n<p>举个例子：</p>\n\n<table>\n	<tbody>\n		<tr>\n			<td>\n			<pre>\nvar vm = new Vue({\n  data: {\n    items: [&#39;a&#39;, &#39;b&#39;, &#39;c&#39;]\n  }\n})\nvm.items[1] = &#39;x&#39; // 不是响应性的\nvm.items.length = 2 // 不是响应性的\n</pre>\n			</td>\n		</tr>\n	</tbody>\n</table>\n\n<p>为了解决第一类问题，以下两种方式都可以实现和&nbsp;<code>vm.items[indexOfItem] = newValue</code>&nbsp;相同的效果，同时也将触发状态更新：</p>\n\n<table>\n	<tbody>\n		<tr>\n			<td>\n			<pre>\n// Vue.set\nVue.set(vm.items, indexOfItem, newValue)\n</pre>\n			</td>\n		</tr>\n	</tbody>\n</table>\n\n<table>\n	<tbody>\n		<tr>\n			<td>\n			<pre>\n// Array.prototype.splice\nvm.items.splice(indexOfItem, 1, newValue)\n</pre>\n			</td>\n		</tr>\n	</tbody>\n</table>\n\n<p>你也可以使用&nbsp;<a href=\"https://vuejs.org/v2/api/#vm-set\" target=\"_blank\"><code>vm.$set</code></a>&nbsp;实例方法，该方法是全局方法&nbsp;<code>Vue.set</code>&nbsp;的一个别名：</p>\n\n<table>\n	<tbody>\n		<tr>\n			<td>\n			<pre>\nvm.$set(vm.items, indexOfItem, newValue)\n</pre>\n			</td>\n		</tr>\n	</tbody>\n</table>\n\n<p>为了解决第二类问题，你可以使用&nbsp;<code>splice</code>：</p>\n\n<table>\n	<tbody>\n		<tr>\n			<td>\n			<pre>\nvm.items.splice(newLength)</pre>\n			</td>\n		</tr>\n	</tbody>\n</table>\n','f90d3c2fd9434302951130e897a89164',1,0,'989e2c76be4446d1862adcb1364fdc9b',1,'2018-10-29 17:28:39','2018-10-29 17:28:39',NULL,'1','陌溪_','蘑菇博客','2c93dfab0e754006866f8ed486923a41',3),('f346267364024e78844d459be2f6f528','CentOS7下RabbitMQ的安装步骤','CentOS7下RabbitMQ的安装步骤','<p>RabbitMQ是使用Erlang语言开发的开源消息队列系统，基于AMQP协议来实现的，AMQP的主要特征是面向消息，队列，路由（包括点对点和发布/订阅），可靠性，安全，AMQP协议更 多用在企业级系统内，对数据一致性，稳定性和可靠性要求很高的场景，对性能和吞吐量的要求还在其次。</p>\n\n<p>按照教程：</p>\n\n<p>1）首先需要安装Erlang</p>\n\n<p># 添加erlang solutions源</p>\n\n<p>$ wget https://packages.erlang-solutions.com/erlang-solutions-1.0-1.noarch.rpm</p>\n\n<p>$ sudo rpm -Uvh erlang-solutions-1.0-1.noarch.rpm</p>\n\n<p>在执行第二步的时候，可能会报错</p>\n\n<p><img alt=\"\" src=\"http://120.79.70.126:8600/ckEditorUploadImg/1540431242134.png\" style=\"height:63px; width:733px\" /></p>\n\n<p>这是因为从EPEL源安装(这种方式安装的Erlang版本可能不是最新的，有时候不能满足RabbitMQ需要的最低版本)</p>\n\n<p>那么什么是EPEL呢？</p>\n\n<p><strong>EPEL的全称叫 Extra Packages for Enterprise Linux</strong>&nbsp;。EPEL是由 Fedora 社区打造，为 RHEL 及衍生发行版如 CentOS、Scientific Linux 等提供高质量软件包的项目。装上了 EPEL之后，就相当于添加了一个第三方源。</p>\n\n<p>所以我们需要安装epel-release</p>\n\n<p>$ sudo yum install epel-release</p>\n\n<p>安装成功后，在执行</p>\n\n<p>$ sudo yum install erlang</p>\n\n<p>这样，就成功把erlang安装上去了。</p>\n\n<p>2）RabbitMQ安装</p>\n\n<p># 安装之前，首先需要把秘钥包安装好</p>\n\n<p>$ sudo rpm --import https://www.rabbitmq.com/rabbitmq-release-signing-key.asc</p>\n\n<p># 下载RabbitMQ安装包</p>\n\n<p>$ wget https://www.rabbitmq.com/releases/rabbitmq-server/v3.6.6/rabbitmq-server-3.6.6-1.el7.noarch.rpm</p>\n\n<p>$ sudo yum install rabbitmq-server-3.6.6-1.el7.noarch.rpm</p>\n\n<p>到此为止，RabbitMQ已经安装成功了。</p>\n\n<p>3）如果需要正常使用RabbitMQ，首先需要修改一些默认的配置</p>\n\n<p>#RPM安装方式会默认建立下面文件下，我们打开下方配置文件</p>\n\n<p>$ vim&nbsp;&nbsp;/usr/lib/rabbitmq/lib/rabbitmq_server-3.6.6/ebin/rabbit.app<img alt=\"\" src=\"http://120.79.70.126:8600/ckEditorUploadImg/1540431994644.png\" style=\"height:830px; width:676px\" />打开我们会发现这是一个非常熟悉的界面，没错，就这就一个JSON的格式。</p>\n\n<p>我们继续往下走，能看这个 tcp_listeners, [5672] 这个属性</p>\n\n<p><img alt=\"\" src=\"http://120.79.70.126:8600/ckEditorUploadImg/1540432158983.png\" style=\"height:179px; width:526px\" /></p>\n\n<p>这表示Rabbit默认的端口号是5672，如果我们需要更改默认端口号，那么就需要在这里进行更改了。</p>\n\n<p><img alt=\"\" src=\"http://120.79.70.126:8600/ckEditorUploadImg/1540432302795.png\" style=\"height:128px; width:426px\" /></p>\n\n<p>紧接着我们看到 loopback_users: [&quot;guest&quot;], 我们把左右的尖括号去掉，这样就能启动guest默认账号了。</p>\n\n<p>完成之后，我们使用快捷键 shift+zz&nbsp; 保存退出编辑器</p>\n\n<p>好了，RabbitMQ在这里就已经安装成功了，关于rabbitMQ的操作，看我另外一篇博客</p>\n','1c76b9848f5f4d71a5e88b20dbaf38f4',0,0,'1d067e9a0ff74faf9519995e64ecfdef',1,'2018-10-25 09:53:51','2018-10-25 09:53:51',NULL,'1','陌溪_','蘑菇博客','2c93dfab0e754006866f8ed486923a41',1),('f4530db500bf457a9ee60aa763a52e1e','文件上传后，使用Nginx配置静态资源映射出现 403 Forbidden','文件上传后，使用Nginx配置静态资源映射出现 403 Forbidden','<p>今天使用nginx做静态资源映射的时候，图片能够正常上传到linux服务器中。</p>\n\n<p>但是我输入通过Nginx配置的URL路径的时候，出现了 403 Forbidden 的错误，经过排查我发现了</p>\n\n<p>在我后面上传的图片中，他只拥有 root 的 读写权限，其他用户没有权限</p>\n\n<p><img alt=\"\" src=\"http://120.79.70.126:8600/ckEditorUploadImg/1541156768806.png\" style=\"height:468px; width:791px\" /></p>\n\n<p>我猜想，可能是通过URL访问的不是root用户，所以我们没有权限访问到这个目录，那么文件就无法访问了。</p>\n\n<p>然后我将那些文件通过&nbsp; chmod 777&nbsp; 命令将他们改成最高权限，目录能够正常访问了。</p>\n\n<p>后面我通过修改Nginx的配置文件</p>\n\n<p><img alt=\"\" src=\"http://120.79.70.126:8600/ckEditorUploadImg/1541156951009.png\" style=\"height:151px; width:301px\" /></p>\n\n<p>增加&nbsp; user&nbsp; root，后就能够正常访问了。</p>\n','7e0e93ea6cdb44ae92e58f48e6496ed7',0,0,'7cec4c83de9e42869d80bdc767b3e61f',1,'2018-11-02 19:09:33','2018-11-02 19:09:33',NULL,'1','陌溪_','蘑菇博客','2c93dfab0e754006866f8ed486923a41',3),('f9284ed96d874a47a2a641a0f2735b8f','测试','null','<p>测试</p>\n','e2c7913050cf4ab9aa92902316aaf075',0,0,'null',0,'2018-10-20 11:17:26','2018-10-20 11:17:26',NULL,'1','null','蘑菇博客','093d8bdd01c84890a928e923d5c235fe',0);

/*Table structure for table `t_blog_sort` */

DROP TABLE IF EXISTS `t_blog_sort`;

CREATE TABLE `t_blog_sort` (
  `uid` varchar(32) NOT NULL COMMENT '唯一uid',
  `sort_name` varchar(255) DEFAULT NULL COMMENT '分类内容',
  `content` varchar(255) DEFAULT NULL COMMENT '分类简介',
  `create_time` timestamp NOT NULL DEFAULT '0000-00-00 00:00:00' COMMENT '创建时间',
  `update_time` timestamp NOT NULL DEFAULT '0000-00-00 00:00:00' COMMENT '更新时间',
  `status` tinyint(1) unsigned NOT NULL DEFAULT '1' COMMENT '状态',
  PRIMARY KEY (`uid`)
) ENGINE=InnoDB DEFAULT CHARSET=utf8 COMMENT='博客分类表';

/*Data for the table `t_blog_sort` */

insert  into `t_blog_sort`(`uid`,`sort_name`,`content`,`create_time`,`update_time`,`status`) values ('093d8bdd01c84890a928e923d5c235fe','时光轴','时光飞逝，机会就在我们眼前，何时找到了灵感，就要把握机遇，我们需要智慧和勇气去把握机会','2018-09-24 17:14:59','2018-09-24 17:14:59',1),('2c93dfab0e754006866f8ed486923a41','慢生活','慢生活，不是懒惰，放慢速度不是拖延时间，而是让我们在生活中寻找到平衡','2018-09-24 16:29:33','2018-09-24 16:29:33',1);

/*Table structure for table `t_collect` */

DROP TABLE IF EXISTS `t_collect`;

CREATE TABLE `t_collect` (
  `uid` varchar(32) NOT NULL COMMENT '唯一uid',
  `user_uid` varchar(32) NOT NULL COMMENT '用户的uid',
  `blog_uid` varchar(32) NOT NULL COMMENT '博客的uid',
  `status` tinyint(1) unsigned NOT NULL DEFAULT '1' COMMENT '状态',
  `create_time` timestamp NOT NULL DEFAULT '0000-00-00 00:00:00' COMMENT '创建时间',
  `update_time` timestamp NOT NULL DEFAULT '0000-00-00 00:00:00' COMMENT '更新时间',
  PRIMARY KEY (`uid`)
) ENGINE=InnoDB DEFAULT CHARSET=utf8 COMMENT='收藏表';

/*Data for the table `t_collect` */

/*Table structure for table `t_comment` */

DROP TABLE IF EXISTS `t_comment`;

CREATE TABLE `t_comment` (
  `uid` varchar(32) NOT NULL COMMENT '唯一uid',
  `user_uid` varchar(32) DEFAULT NULL COMMENT '用户uid',
  `to_uid` varchar(32) DEFAULT NULL COMMENT '回复某条评论的uid',
  `to_user_uid` varchar(32) DEFAULT NULL COMMENT '回复某个人的uid',
  `user_name` varchar(255) DEFAULT NULL COMMENT '用户名',
  `content` varchar(1000) DEFAULT NULL COMMENT '评论内容',
  `blog_uid` varchar(32) DEFAULT NULL COMMENT '博客uid',
  `status` tinyint(1) unsigned NOT NULL DEFAULT '1' COMMENT '状态',
  `create_time` timestamp NOT NULL DEFAULT '0000-00-00 00:00:00' COMMENT '创建时间',
  `update_time` timestamp NOT NULL DEFAULT '0000-00-00 00:00:00' COMMENT '更新时间',
  PRIMARY KEY (`uid`)
) ENGINE=InnoDB DEFAULT CHARSET=utf8 COMMENT='评论表';

/*Data for the table `t_comment` */

insert  into `t_comment`(`uid`,`user_uid`,`to_uid`,`to_user_uid`,`user_name`,`content`,`blog_uid`,`status`,`create_time`,`update_time`) values ('0500ba8e97b34528ae18c18616cf93e7','093d8bdd01c84890a928e923d5c235fe',NULL,NULL,'你好','编辑测试博客','093d8bdd01c84890a928e923d5c235fe',1,'2018-10-13 16:35:30','2018-10-13 16:35:30');

/*Table structure for table `t_feedback` */

DROP TABLE IF EXISTS `t_feedback`;

CREATE TABLE `t_feedback` (
  `uid` varchar(32) NOT NULL COMMENT '唯一uid',
  `user_uid` varchar(32) NOT NULL COMMENT '用户uid',
  `content` varchar(1000) DEFAULT NULL COMMENT '反馈的内容',
  `status` tinyint(1) unsigned NOT NULL DEFAULT '1' COMMENT '状态',
  `create_time` timestamp NOT NULL DEFAULT '0000-00-00 00:00:00' COMMENT '创建时间',
  `update_time` timestamp NOT NULL DEFAULT '0000-00-00 00:00:00' COMMENT '更新时间',
  PRIMARY KEY (`uid`)
) ENGINE=InnoDB DEFAULT CHARSET=utf8 COMMENT='反馈表';

/*Data for the table `t_feedback` */

/*Table structure for table `t_link` */

DROP TABLE IF EXISTS `t_link`;

CREATE TABLE `t_link` (
  `uid` varchar(32) NOT NULL COMMENT '唯一uid',
  `title` varchar(255) DEFAULT NULL COMMENT '友情链接标题',
  `summary` varchar(255) DEFAULT NULL COMMENT '友情链接介绍',
  `url` varchar(255) DEFAULT NULL COMMENT '友情链接URL',
  `click_count` int(11) DEFAULT '0' COMMENT '点击数',
  `create_time` timestamp NOT NULL DEFAULT '0000-00-00 00:00:00' COMMENT '创建时间',
  `update_time` timestamp NOT NULL DEFAULT '0000-00-00 00:00:00' COMMENT '更新时间',
  `status` tinyint(1) unsigned NOT NULL DEFAULT '1' COMMENT '状态',
  PRIMARY KEY (`uid`)
) ENGINE=InnoDB DEFAULT CHARSET=utf8 COMMENT='友情链接表';

/*Data for the table `t_link` */

insert  into `t_link`(`uid`,`title`,`summary`,`url`,`click_count`,`create_time`,`update_time`,`status`) values ('bb418e0a9d27490bb71972bd8da5afa6','IT大本营','IT大本营 - 专注于技术分享的开发者社区','http://www.itarea.cn/',1,'2018-09-26 13:55:33','2018-09-26 13:55:33',1),('dcc01149be71492dabd55821c22f6061','Mybatis-plus','MyBatis-Plus 为简化开发而生','http://mp.baomidou.com/',1,'2018-09-26 18:52:58','2018-09-26 18:52:58',1);

/*Table structure for table `t_permission` */

DROP TABLE IF EXISTS `t_permission`;

CREATE TABLE `t_permission` (
  `uid` varchar(32) NOT NULL COMMENT '权限id',
  `name` varchar(255) NOT NULL COMMENT '权限名',
  `url` varchar(255) DEFAULT NULL COMMENT '权限url',
  `pid` varchar(255) NOT NULL COMMENT '父节点id',
  `creat_time` timestamp NOT NULL DEFAULT CURRENT_TIMESTAMP COMMENT '创建时间',
  `update_time` timestamp NOT NULL DEFAULT '0000-00-00 00:00:00' COMMENT '更新时间',
  `status` tinyint(1) unsigned NOT NULL DEFAULT '1' COMMENT '状态',
  PRIMARY KEY (`uid`)
) ENGINE=InnoDB DEFAULT CHARSET=utf8;

/*Data for the table `t_permission` */

/*Table structure for table `t_picture` */

DROP TABLE IF EXISTS `t_picture`;

CREATE TABLE `t_picture` (
  `uid` varchar(32) NOT NULL COMMENT '唯一uid',
  `file_uid` varchar(32) DEFAULT NULL COMMENT '图片uid',
  `pic_name` varchar(255) DEFAULT NULL COMMENT '图片名',
  `picture_sort_uid` varchar(32) DEFAULT NULL COMMENT '分类uid',
  `status` tinyint(1) unsigned NOT NULL DEFAULT '1' COMMENT '状态',
  `create_time` timestamp NOT NULL DEFAULT '0000-00-00 00:00:00' COMMENT '创建时间',
  `update_time` timestamp NOT NULL DEFAULT '0000-00-00 00:00:00' COMMENT '更新时间',
  PRIMARY KEY (`uid`)
) ENGINE=InnoDB DEFAULT CHARSET=utf8 COMMENT='图片表';

/*Data for the table `t_picture` */

insert  into `t_picture`(`uid`,`file_uid`,`pic_name`,`picture_sort_uid`,`status`,`create_time`,`update_time`) values ('00e828df0a2046b59e303754770912e3','e70306aa4b2f47918a3d20643a242de5',NULL,'8585745c71a34a3688d5cf722e005cea',1,'2018-10-21 10:07:34','2018-10-21 10:07:34'),('05a35691c38f4879a910912e6c248562','d87dd2f6ab4f4091b9da4778b8563a13',NULL,'5a281aa35fa9408bb07c2fc9a990701f',1,'2018-09-23 15:01:19','2018-09-23 15:01:19'),('062a3754db6a49f6984be4c566a56bb7','2508670a57b54a5b8f66dd7547d52cd1',NULL,'48233835d29846e488442b58b5dfb2f2',1,'2018-10-21 10:04:37','2018-10-21 10:04:37'),('071f79e3e0fb45f5b6dda4a7f411f936','32db3087802d43948950b7d1e6474036',NULL,'4a6a314e1ebb415d89ff611fc17ca3db',1,'2018-11-02 17:23:03','2018-11-02 17:23:03'),('073752b5ccae435b97732a2417f29221','de7d864ef19c4f56b8e7d7ecb59c2145',NULL,'fd160e2525284d378a52fa8b6b7bdbb3',1,'2018-10-21 10:06:23','2018-10-21 10:06:23'),('0c062009b6a540819af91c69454e7ec6','7b9bae295683483887b86f8a00981992',NULL,'8585745c71a34a3688d5cf722e005cea',1,'2018-10-21 10:07:34','2018-10-21 10:07:34'),('0c66a59bcf684b03a9966b7e7dc98404','3fba09a1eb90422db15a88d0b87f561d',NULL,'48233835d29846e488442b58b5dfb2f2',1,'2018-10-21 10:04:37','2018-10-21 10:04:37'),('10174522814c45e7b254d1da404d483d','371c9ed84b5f42bfa329dbbf4bcff917',NULL,'0927c1e18a8c4677b1cce28c17bf0382',1,'2018-10-21 09:49:33','2018-10-21 09:49:33'),('1082e7bd014b4c39b63b59eeff69a02e','b5cc2311f7004037ab33fdc16d50f4a0',NULL,'4a6a314e1ebb415d89ff611fc17ca3db',1,'2018-11-02 17:23:03','2018-11-02 17:23:03'),('10bd233f79e84b028eae47f1e75520a3','44704768e62f48bb9a04ae1cac453dd8',NULL,'8585745c71a34a3688d5cf722e005cea',1,'2018-10-21 10:07:34','2018-10-21 10:07:34'),('135f9158eaa744ddbd90efe4c4b2f73e','2cc77c9d08ee41f5a0339af5638d64f7',NULL,'dd6728afaec34b64a12f560ca9931a7b',1,'2018-09-25 09:26:53','2018-09-25 09:26:53'),('17b9d1d3e42b4c92ac0a1f92230c3c4e','82f9380f765044edadbe7ab3e441b51b',NULL,'dd6728afaec34b64a12f560ca9931a7b',1,'2018-09-25 09:26:53','2018-09-25 09:26:53'),('195830ef90c14d4ebd7cff6cea49f632','6c1d188385324101beb231806002d4f2',NULL,'48233835d29846e488442b58b5dfb2f2',1,'2018-10-21 10:04:37','2018-10-21 10:04:37'),('1b1ef03a754940d4a12b8200744173b3','1a3dcc42f0064935b00c02cf5f41c50f',NULL,'f321114dc2014bb68ac4091fd90f64c1',1,'2018-10-21 10:05:46','2018-10-21 10:05:46'),('1c137ad738794375a914261173b44e60','290a1ee600ce40908604b3a5f7dfe57a',NULL,'dd6728afaec34b64a12f560ca9931a7b',1,'2018-09-25 09:26:53','2018-09-25 09:26:53'),('1cd2057fc532452bbe915e6330c7eae9','989e2c76be4446d1862adcb1364fdc9b',NULL,'8585745c71a34a3688d5cf722e005cea',1,'2018-10-21 10:07:34','2018-10-21 10:07:34'),('1d63d9c62b044b2f9b941a61ac62bf89','aacd190a902042cbb99c6fbd4b6ce1ed',NULL,'b897c85eda734b528cbe3e0e15a32d75',1,'2018-11-02 19:00:55','2018-11-02 19:00:55'),('29d9567f9ad24c598b40f3e4d1560280','829ad31089404f0eb52baa1a8e19705c',NULL,'dd6728afaec34b64a12f560ca9931a7b',1,'2018-09-25 09:26:53','2018-09-25 09:26:53'),('2acdb5609acc4a5e928f058ef11017d6','fc40260e4fda4e99a4c7a32635f4dc15',NULL,'fd160e2525284d378a52fa8b6b7bdbb3',1,'2018-10-21 10:06:23','2018-10-21 10:06:23'),('318270a1f4ed49faa297d3ab1290b90e','ebdf95a75bd54e6ab356b69829b44518',NULL,'48233835d29846e488442b58b5dfb2f2',1,'2018-10-21 10:04:37','2018-10-21 10:04:37'),('322b3bee3cad4768b7afd8a2b5febffb','753c685dae1b470d989eb804ad0f6176',NULL,'499ce9cee1aa4f148e9bff9a72c8db01',1,'2018-10-21 10:07:00','2018-10-21 10:07:00'),('34c16987d5e9476fa08c0001596cd75e','bf4f61f6599f48dda9ecf4a5149410e5',NULL,'48233835d29846e488442b58b5dfb2f2',1,'2018-10-21 10:04:37','2018-10-21 10:04:37'),('34c1f81a8151493eb3d4705bbfa12533','9593eb7803bd4fb49354582ee13061fa',NULL,'5a281aa35fa9408bb07c2fc9a990701f',1,'2018-09-23 15:01:19','2018-09-23 15:01:19'),('353aee6465bf452bbffdb06b625c7b98','95ebbd393dc9432a9d65ac0d7b35cd5c',NULL,'dd6728afaec34b64a12f560ca9931a7b',1,'2018-09-25 09:26:53','2018-09-25 09:26:53'),('3adc46413b394ab7a8715dd068176457','282f7a1ae2594c09b296daaa961313e3',NULL,'48233835d29846e488442b58b5dfb2f2',1,'2018-10-21 10:04:37','2018-10-21 10:04:37'),('3c0761052780448bbcdbff05514cca9b','1d067e9a0ff74faf9519995e64ecfdef',NULL,'0927c1e18a8c4677b1cce28c17bf0382',1,'2018-10-25 09:29:06','2018-10-25 09:29:06'),('3fda6f00e03e4bfda236e059edbd0e1d','287184b3636048fe94204c02a92280b0',NULL,'5a281aa35fa9408bb07c2fc9a990701f',1,'2018-09-23 15:01:18','2018-09-23 15:01:18'),('419969ae945347128a37c44c7f57510b','018f9739272944dbb32c251373b0744a',NULL,'f321114dc2014bb68ac4091fd90f64c1',1,'2018-10-21 10:05:46','2018-10-21 10:05:46'),('4667aaa4a9ab44859f92e5a9e72a4997','c24f64850d024d24974b3b9cfe2e3a93',NULL,'499ce9cee1aa4f148e9bff9a72c8db01',1,'2018-10-21 10:07:00','2018-10-21 10:07:00'),('4ad6299e44da46379334b0340c1c68de','f53193072c5e493090f4b09358ce8e55',NULL,'5a281aa35fa9408bb07c2fc9a990701f',1,'2018-09-23 15:01:38','2018-09-23 15:01:38'),('4e54c819256b4fe2b6f329e815e2f31d','a784b4b5178c468f995fab0405260bd4',NULL,'f321114dc2014bb68ac4091fd90f64c1',1,'2018-10-21 10:05:46','2018-10-21 10:05:46'),('4f875b076b9c4037ad4af707d91b61c7','7cec4c83de9e42869d80bdc767b3e61f',NULL,'b897c85eda734b528cbe3e0e15a32d75',1,'2018-11-02 19:00:55','2018-11-02 19:00:55'),('4fde58bce6d14f1da81f00305d0fe742','d0808356e0cc4ea29ce56f261e1956e6',NULL,'48233835d29846e488442b58b5dfb2f2',1,'2018-10-21 10:04:37','2018-10-21 10:04:37'),('4fe0204b144143279fd1d413d28c6163','8f48f07f30314960a38a0b85c4f1f34a',NULL,'0927c1e18a8c4677b1cce28c17bf0382',1,'2018-10-27 16:53:16','2018-10-27 16:53:16'),('50cf276f1f6444f790faae8efb9c1814','a0ac7e9232f248259f4feb1a120f6b39',NULL,'5a281aa35fa9408bb07c2fc9a990701f',1,'2018-09-23 09:31:17','2018-09-23 09:31:17'),('538d3a9c8bc441edb99577c51fc601ea','bd56ecbcf182401995400376d33f2354',NULL,'dd6728afaec34b64a12f560ca9931a7b',0,'2018-09-28 21:40:00','2018-09-28 21:40:00'),('5548a49daade4885b4c1128ec148ed80','ffa3f48765d24d29a7600999639ed607',NULL,'b18b2c15648342b78715d33fd956bb95',1,'2018-10-21 10:08:11','2018-10-21 10:08:11'),('5fbd4b7eef264583a86de8fdd7db77c6','b9a667d581a84f1ea17f80450f92be4b',NULL,'5a281aa35fa9408bb07c2fc9a990701f',1,'2018-09-23 15:01:38','2018-09-23 15:01:38'),('629e2919e7dc4d5dad481f1286d01699','d44135761c504fe1bf3663a056656595',NULL,'5a281aa35fa9408bb07c2fc9a990701f',1,'2018-09-23 15:01:19','2018-09-23 15:01:19'),('663edc505d2e47c48d6dde32f8f6abbe','50ffa793ddf3475d9e2fff29f258f6a3',NULL,'499ce9cee1aa4f148e9bff9a72c8db01',1,'2018-10-21 10:07:00','2018-10-21 10:07:00'),('66c3a2df20c7433194ec8382f7034bec','eea2f4a2e73548a5af1b9380d858333c',NULL,'0927c1e18a8c4677b1cce28c17bf0382',1,'2018-10-21 09:49:33','2018-10-21 09:49:33'),('6cbf25e03a0c421aa06c4fd30c8ac2fc','9e071786d3a74b919563a40c215c87eb',NULL,'dd6728afaec34b64a12f560ca9931a7b',0,'2018-09-28 20:33:26','2018-09-28 20:33:26'),('6fcef4568c9745559520c1194936be27','02a90e16c9bb4dd8a46190699f64af66',NULL,'5a281aa35fa9408bb07c2fc9a990701f',1,'2018-09-23 15:01:18','2018-09-23 15:01:18'),('705b5f8f6f8a4ab782bad5553bada2d8','992f8c34af46443984a05f1a10b36709',NULL,'5a281aa35fa9408bb07c2fc9a990701f',1,'2018-09-23 15:01:19','2018-09-23 15:01:19'),('708b43bbf8504121911ffc768799584a','edbc7e3c0f9d443da15d650c2ef2f96f',NULL,'dd6728afaec34b64a12f560ca9931a7b',0,'2018-09-23 16:39:13','2018-09-23 16:39:13'),('729d7de164954d32aa10d8c2f32ffc2d','4addade94eab49d9b3b13e120d593c82',NULL,'fd160e2525284d378a52fa8b6b7bdbb3',1,'2018-10-21 10:06:23','2018-10-21 10:06:23'),('73f234bc8e8c4ccf8f689cc83638ec6b','ee98646f1d684fa4b74f4bff1e1c6f2d',NULL,'dd6728afaec34b64a12f560ca9931a7b',1,'2018-09-25 09:26:53','2018-09-25 09:26:53'),('7e0d397d14974be0afc52def430cc453','12b7a1a3645a495995fe0b792f9a6fa5',NULL,'f321114dc2014bb68ac4091fd90f64c1',1,'2018-10-21 10:05:46','2018-10-21 10:05:46'),('81921a9f29994a0ca2c8f1b7ed6e49cd','00d0f924c8ba4f69b088e18e260c9bae',NULL,'499ce9cee1aa4f148e9bff9a72c8db01',1,'2018-10-21 10:07:00','2018-10-21 10:07:00'),('81a4621453f9427698c12a14740fb627','a76a5367198c4be48b508559ac934af5',NULL,'499ce9cee1aa4f148e9bff9a72c8db01',1,'2018-10-21 10:07:00','2018-10-21 10:07:00'),('82e9e38d8e2b4a038a23ce5ee09055c3','7dde5a06b272440ca0948d1f0fddd0d9',NULL,'5a281aa35fa9408bb07c2fc9a990701f',1,'2018-09-23 11:10:35','2018-09-23 11:10:35'),('8a2e4ce1440f42dc9349986010c813e4','53afd10389564f75afa4cf6bde141037',NULL,'48233835d29846e488442b58b5dfb2f2',1,'2018-10-21 10:04:37','2018-10-21 10:04:37'),('8c2c1c450b35471385d26aab9283228f','76a78fa08e4f450ea212731057a7ccac',NULL,'5a281aa35fa9408bb07c2fc9a990701f',1,'2018-09-23 15:01:38','2018-09-23 15:01:38'),('905492d4e2dd451c8530d0302d76b79d','166280b6769e43b6ae8a2cd461609d8b',NULL,'b18b2c15648342b78715d33fd956bb95',1,'2018-10-21 10:08:11','2018-10-21 10:08:11'),('aa1e2c3c8b704cabb910b65526880cfc','b40b436f58ef437b993aca6aa37077f4',NULL,'4a6a314e1ebb415d89ff611fc17ca3db',1,'2018-11-02 17:23:03','2018-11-02 17:23:03'),('aa82496ce1594a6a95503a1915a0c4ea','35e191c4bfcd45bca64d3b21533ca6b6',NULL,'dd6728afaec34b64a12f560ca9931a7b',1,'2018-09-25 09:26:53','2018-09-25 09:26:53'),('b2b946f2502e4a00a6442a0b4f26e9e2','ae59212e7bdc41e08ffb65788ba066cb',NULL,'0927c1e18a8c4677b1cce28c17bf0382',1,'2018-10-27 16:53:17','2018-10-27 16:53:17'),('b6f231545b154b32b1dcea4e300f2d74','832b4c6545fa40e183154b459ff254fa',NULL,'fd160e2525284d378a52fa8b6b7bdbb3',1,'2018-10-21 10:06:23','2018-10-21 10:06:23'),('b78a82460ad549f2907e8fe868652b6a','a8f63f64c55d4b8a8e7eb7a6fd7d1892',NULL,'0927c1e18a8c4677b1cce28c17bf0382',1,'2018-10-27 16:53:16','2018-10-27 16:53:16'),('bc1b8310c300417a876abde93fcdcbad','de4191efd16248ec878e5a1f027e45b9',NULL,'f321114dc2014bb68ac4091fd90f64c1',1,'2018-10-21 10:05:46','2018-10-21 10:05:46'),('bc2766f77fe9405fb277ffbe8941b023','53ef0429cf344599b10bba893f005785',NULL,'8585745c71a34a3688d5cf722e005cea',1,'2018-10-21 10:07:35','2018-10-21 10:07:35'),('be27e3d8f7c34bdba6c89b8f501d6d05','eda860927b6c41b99cd9b052757b5f33',NULL,'b897c85eda734b528cbe3e0e15a32d75',1,'2018-11-02 19:00:55','2018-11-02 19:00:55'),('be4d94fb88d94cef9a553432966b7d9c','1c91acdaa1cf4fe2a7f5b8e5ace01397',NULL,'5a281aa35fa9408bb07c2fc9a990701f',1,'2018-09-23 15:01:18','2018-09-23 15:01:18'),('bf3618a2eba5459097c00fb97b4c853b','af867bf71f0a4e1e802c5cd5ce7e2d2b',NULL,'b897c85eda734b528cbe3e0e15a32d75',1,'2018-11-02 19:00:55','2018-11-02 19:00:55'),('c3f407895e544843a62bfa4d827fdda0','ddb4ac9e62fd455a8afd2b769f2643cb',NULL,'4a6a314e1ebb415d89ff611fc17ca3db',1,'2018-11-02 17:23:03','2018-11-02 17:23:03'),('c47acead50364e91a24dfbd6777baa6a','5a9ea2261ed2466a884db30df54d704e',NULL,'4a6a314e1ebb415d89ff611fc17ca3db',1,'2018-11-02 17:23:03','2018-11-02 17:23:03'),('ccac3437e63845a79960f0e82ba2ee67','dde8800dd17c4b8c9de9169fbb0a49f9',NULL,'dd6728afaec34b64a12f560ca9931a7b',1,'2018-09-25 09:26:53','2018-09-25 09:26:53'),('ccd21410f6c54c2ea6af4d8346dece12','8f1b96ca6c844882858efca25923a62c',NULL,'b18b2c15648342b78715d33fd956bb95',1,'2018-10-21 10:08:11','2018-10-21 10:08:11'),('ce39bc4088e441f789e54282c2a5bd3e','4f016786d65a4abe83cb12b14a576948',NULL,'f321114dc2014bb68ac4091fd90f64c1',1,'2018-10-21 10:05:45','2018-10-21 10:05:45'),('d25f54d726fa4d1f86c61cd7ef1d6b3b','ebb8f56a177f4ed89c9020b43610fd6e',NULL,'0927c1e18a8c4677b1cce28c17bf0382',1,'2018-10-21 09:49:33','2018-10-21 09:49:33'),('d745f3a531414826a1efd8173962b938','244a1dfd59a7417e8ca2bf9116416036',NULL,'499ce9cee1aa4f148e9bff9a72c8db01',1,'2018-10-21 10:07:00','2018-10-21 10:07:00'),('d8d7101d96694b84813e6330b3434f70','8b58a57f7e8e4cc7809e3cd89d1c1baa',NULL,'fd160e2525284d378a52fa8b6b7bdbb3',1,'2018-10-21 10:06:23','2018-10-21 10:06:23'),('dda0b79baa804fa88892d2f0f39eff47','c8c2f27b849c43c8885ac54be365ee39',NULL,'48233835d29846e488442b58b5dfb2f2',1,'2018-10-21 10:04:37','2018-10-21 10:04:37'),('e158ed59fe7c4853b375a2543e2475c6','9fc5970c50644c67bc78cae11e3081b2',NULL,'48233835d29846e488442b58b5dfb2f2',1,'2018-10-21 10:04:37','2018-10-21 10:04:37'),('ecbbdf4b96e140c7adbcb0f2a9bbf978','3ad9e76da93643ca835652fb56f2338b',NULL,'b897c85eda734b528cbe3e0e15a32d75',1,'2018-11-02 19:00:55','2018-11-02 19:00:55'),('efb13d17c0684f2c96194694d36e375b','0984affc6e27417b92e783c70cf8d5d4',NULL,'48233835d29846e488442b58b5dfb2f2',1,'2018-10-21 10:04:37','2018-10-21 10:04:37'),('f2b8a1a8680b4c969e30ad94834091bb','2ca46ddff5cd48c296b4f81dab924065',NULL,'f321114dc2014bb68ac4091fd90f64c1',1,'2018-10-21 10:05:45','2018-10-21 10:05:45'),('f2ca2412198140d8abe58111bb1b724c','43219d4f19244fc099a543d20e0d1b99',NULL,'f321114dc2014bb68ac4091fd90f64c1',1,'2018-10-21 10:05:46','2018-10-21 10:05:46'),('f4deed5fb39e482889edb0a6acc918f6','25f9c548239348ecb9bdf49656ff59f3',NULL,'4a6a314e1ebb415d89ff611fc17ca3db',1,'2018-11-02 17:23:03','2018-11-02 17:23:03'),('f6f232430b9f49c29b2f9c58b75b33fb','20b89e41ae80455cb245234f7b1649ce',NULL,'dd6728afaec34b64a12f560ca9931a7b',0,'2018-09-23 15:49:27','2018-09-23 15:49:27'),('fa1da71187d1424da12c597e1a6dd304','e06331bc9fff4a7186439f2a34c199af',NULL,'b18b2c15648342b78715d33fd956bb95',1,'2018-10-21 10:08:11','2018-10-21 10:08:11'),('fce5181823fa4839adfad3829da41fea','6b61d3c6c9c24888bc6c787b8488a378',NULL,'fd160e2525284d378a52fa8b6b7bdbb3',1,'2018-10-21 10:06:23','2018-10-21 10:06:23'),('fd0e4b07046d4ded955f87e0b29ee250','720cc8699ccb484caf1c20a477c66382',NULL,'dd6728afaec34b64a12f560ca9931a7b',1,'2018-09-25 09:26:53','2018-09-25 09:26:53');

/*Table structure for table `t_picture_sort` */

DROP TABLE IF EXISTS `t_picture_sort`;

CREATE TABLE `t_picture_sort` (
  `uid` varchar(32) NOT NULL COMMENT '唯一uid',
  `file_uid` varchar(32) DEFAULT NULL COMMENT '分类图片uid',
  `name` varchar(255) DEFAULT NULL COMMENT '分类名',
  `status` tinyint(1) unsigned NOT NULL DEFAULT '1' COMMENT '状态',
  `create_time` timestamp NOT NULL DEFAULT '0000-00-00 00:00:00' COMMENT '创建时间',
  `update_time` timestamp NOT NULL DEFAULT '0000-00-00 00:00:00' COMMENT '更新时间',
  `parent_uid` varchar(32) DEFAULT NULL,
  PRIMARY KEY (`uid`)
) ENGINE=InnoDB DEFAULT CHARSET=utf8 COMMENT='图片分类表';

/*Data for the table `t_picture_sort` */

insert  into `t_picture_sort`(`uid`,`file_uid`,`name`,`status`,`create_time`,`update_time`,`parent_uid`) values ('0927c1e18a8c4677b1cce28c17bf0382','371c9ed84b5f42bfa329dbbf4bcff917','Java图标',1,'2018-10-21 09:49:20','2018-10-21 09:49:20',NULL),('48233835d29846e488442b58b5dfb2f2','6c1d188385324101beb231806002d4f2','Spring',1,'2018-10-21 10:04:26','2018-10-21 10:04:26',NULL),('499ce9cee1aa4f148e9bff9a72c8db01','244a1dfd59a7417e8ca2bf9116416036','JQuery',1,'2018-10-21 10:06:49','2018-10-21 10:06:49',NULL),('4a6a314e1ebb415d89ff611fc17ca3db','5a9ea2261ed2466a884db30df54d704e','Linux',1,'2018-11-02 17:22:45','2018-11-02 17:22:45',NULL),('5a281aa35fa9408bb07c2fc9a990701f','290a1ee600ce40908604b3a5f7dfe57a','用户头像',0,'2018-09-20 20:04:47','2018-09-20 20:04:47',NULL),('8585745c71a34a3688d5cf722e005cea','989e2c76be4446d1862adcb1364fdc9b','VUE',1,'2018-10-21 10:07:24','2018-10-21 10:07:24',NULL),('b18b2c15648342b78715d33fd956bb95','e06331bc9fff4a7186439f2a34c199af','Mysql',1,'2018-10-21 10:07:59','2018-10-21 10:07:59',NULL),('b897c85eda734b528cbe3e0e15a32d75','aacd190a902042cbb99c6fbd4b6ce1ed','Nginx',1,'2018-11-02 19:00:36','2018-11-02 19:00:36',NULL),('dd6728afaec34b64a12f560ca9931a7b','35e191c4bfcd45bca64d3b21533ca6b6','博客封面图',1,'2018-09-20 19:34:40','2018-09-20 19:34:40',NULL),('f321114dc2014bb68ac4091fd90f64c1','2ca46ddff5cd48c296b4f81dab924065','HTML+CSS',1,'2018-10-21 10:05:24','2018-10-21 10:05:24',NULL),('fd160e2525284d378a52fa8b6b7bdbb3','832b4c6545fa40e183154b459ff254fa','JavaScript',1,'2018-10-21 10:06:13','2018-10-21 10:06:13',NULL);

/*Table structure for table `t_resource_sort` */

DROP TABLE IF EXISTS `t_resource_sort`;

CREATE TABLE `t_resource_sort` (
  `uid` varchar(32) NOT NULL COMMENT '唯一uid',
  `file_uid` varchar(32) DEFAULT NULL COMMENT '分类图片uid',
  `sort_name` varchar(255) DEFAULT NULL COMMENT '分类名',
  `content` varchar(255) DEFAULT NULL COMMENT '分类介绍',
  `click_count` varchar(255) DEFAULT NULL COMMENT '点击数',
  `status` tinyint(1) unsigned NOT NULL DEFAULT '1' COMMENT '状态',
  `create_time` timestamp NOT NULL DEFAULT '0000-00-00 00:00:00' COMMENT '创建时间',
  `update_time` timestamp NOT NULL DEFAULT '0000-00-00 00:00:00' COMMENT '更新时间',
  `parent_uid` varchar(32) DEFAULT NULL,
  PRIMARY KEY (`uid`)
) ENGINE=InnoDB DEFAULT CHARSET=utf8 COMMENT='资源分类表';

/*Data for the table `t_resource_sort` */

insert  into `t_resource_sort`(`uid`,`file_uid`,`sort_name`,`content`,`click_count`,`status`,`create_time`,`update_time`,`parent_uid`) values ('232de7c82bac472aa90a122dd7e62ca0','4addade94eab49d9b3b13e120d593c82','JavaScript','JavaScript',NULL,1,'2018-10-21 10:26:35','2018-10-21 10:26:35',NULL),('2aa2b0f2402643c0a11bdf00b8fda94d','e06331bc9fff4a7186439f2a34c199af','Mysql','Mysql',NULL,1,'2018-10-21 10:18:34','2018-10-21 10:18:34',NULL),('2f05ae3ee71f40efab6fa419a12ca560','282f7a1ae2594c09b296daaa961313e3','Spring','Java学习资源',NULL,1,'2018-10-20 11:42:43','2018-10-20 11:42:43',NULL),('4cd13528dc634f26813548cf3bf0dcea','371c9ed84b5f42bfa329dbbf4bcff917','Java','java干货',NULL,1,'2018-10-20 11:46:22','2018-10-20 11:46:22',NULL),('53739b1ffa74485a93dd26dc4743ed2a','244a1dfd59a7417e8ca2bf9116416036','JQuery','JQuery',NULL,1,'2018-10-21 10:28:20','2018-10-21 10:28:20',NULL),('5d3d3e71ca564cfcb7353af37fa732b9','1a3dcc42f0064935b00c02cf5f41c50f','HTML+CSS','HTML+CSS',NULL,1,'2018-10-21 10:16:51','2018-10-21 10:16:51',NULL),('820ab06295154d4c8acf53a0e5d58e80','e70306aa4b2f47918a3d20643a242de5','VUE','VUE',NULL,1,'2018-10-21 10:27:14','2018-10-21 10:27:14',NULL);

/*Table structure for table `t_role` */

DROP TABLE IF EXISTS `t_role`;

CREATE TABLE `t_role` (
  `uid` varchar(32) NOT NULL COMMENT '角色id',
  `name` varchar(255) NOT NULL COMMENT '角色名',
  `creat_time` timestamp NOT NULL DEFAULT '0000-00-00 00:00:00' COMMENT '创建时间',
  `update_time` timestamp NOT NULL DEFAULT '0000-00-00 00:00:00' COMMENT '更新时间',
  `status` tinyint(1) unsigned NOT NULL DEFAULT '1' COMMENT '状态',
  PRIMARY KEY (`uid`)
) ENGINE=InnoDB DEFAULT CHARSET=utf8;

/*Data for the table `t_role` */

/*Table structure for table `t_role_permission` */

DROP TABLE IF EXISTS `t_role_permission`;

CREATE TABLE `t_role_permission` (
  `uid` varchar(32) NOT NULL COMMENT '主键',
  `role_uid` varchar(32) NOT NULL COMMENT '角色id',
  `permission_uid` varchar(32) NOT NULL COMMENT '权限id',
  `creat_time` timestamp NOT NULL DEFAULT CURRENT_TIMESTAMP ON UPDATE CURRENT_TIMESTAMP COMMENT '创建时间',
  `update_time` timestamp NOT NULL DEFAULT '0000-00-00 00:00:00' COMMENT '更新时间',
  `status` tinyint(1) unsigned NOT NULL DEFAULT '1' COMMENT '状态',
  PRIMARY KEY (`uid`)
) ENGINE=InnoDB DEFAULT CHARSET=utf8;

/*Data for the table `t_role_permission` */

/*Table structure for table `t_study_video` */

DROP TABLE IF EXISTS `t_study_video`;

CREATE TABLE `t_study_video` (
  `uid` varchar(32) NOT NULL COMMENT '唯一uid',
  `file_uid` varchar(32) DEFAULT NULL COMMENT '视频封面图片uid',
  `resource_sort_uid` varchar(255) DEFAULT NULL COMMENT '资源分类UID',
  `name` varchar(255) DEFAULT NULL COMMENT '视频名称',
  `summary` varchar(255) DEFAULT NULL COMMENT '视频简介',
  `content` varchar(255) DEFAULT NULL COMMENT '分类介绍',
  `baidu_path` varchar(255) DEFAULT NULL COMMENT '百度云完整路径',
  `click_count` varchar(255) DEFAULT NULL COMMENT '点击数',
  `status` tinyint(1) unsigned NOT NULL DEFAULT '1' COMMENT '状态',
  `create_time` timestamp NOT NULL DEFAULT '0000-00-00 00:00:00' COMMENT '创建时间',
  `update_time` timestamp NOT NULL DEFAULT '0000-00-00 00:00:00' COMMENT '更新时间',
  `parent_uid` varchar(32) DEFAULT NULL,
  PRIMARY KEY (`uid`)
) ENGINE=InnoDB DEFAULT CHARSET=utf8 COMMENT='学习视频表';

/*Data for the table `t_study_video` */

insert  into `t_study_video`(`uid`,`file_uid`,`resource_sort_uid`,`name`,`summary`,`content`,`baidu_path`,`click_count`,`status`,`create_time`,`update_time`,`parent_uid`) values ('05a35691c38f4879a910912e6c248562','dde8800dd17c4b8c9de9169fbb0a49f9','2f05ae3ee71f40efab6fa419a12ca560','黑马全套','黑马全套学习视频','黑马全套学习视频','黑马全套','1',1,'2018-10-21 17:24:48','2018-10-21 17:24:48',NULL),('133e2a76080047508d026e42f03fce96','ee98646f1d684fa4b74f4bff1e1c6f2d','4cd13528dc634f26813548cf3bf0dcea','测试','测试','黑马全套学习视频','黑马全套','0',1,'2018-10-21 01:31:07','2018-10-21 01:31:07',NULL),('853585d787e0426d9196e0e1ad31a19c','95ebbd393dc9432a9d65ac0d7b35cd5c','4cd13528dc634f26813548cf3bf0dcea','哈哈哈','哈哈哈','黑马全套学习视频','黑马全套','0',1,'2018-10-20 21:43:56','2018-10-20 21:43:56',NULL),('eb9d821be06d435499d09cf114c8b50e','ebb8f56a177f4ed89c9020b43610fd6e','4cd13528dc634f26813548cf3bf0dcea','测试','测试','<p>黑马全套</p>\n','黑马全套','1',1,'2018-10-23 21:42:01','2018-10-23 21:42:01',NULL),('fd6c9f0ce6ca415cb56f62d186123808','44704768e62f48bb9a04ae1cac453dd8','820ab06295154d4c8acf53a0e5d58e80','测试','测试','黑马全套学习视频','黑马全套','0',1,'2018-10-21 21:48:37','2018-10-21 21:48:37',NULL);

/*Table structure for table `t_tag` */

DROP TABLE IF EXISTS `t_tag`;

CREATE TABLE `t_tag` (
  `uid` varchar(32) NOT NULL COMMENT '唯一uid',
  `content` varchar(1000) DEFAULT NULL COMMENT '标签内容',
  `status` tinyint(1) unsigned NOT NULL DEFAULT '1' COMMENT '状态',
  `click_count` int(11) DEFAULT '0' COMMENT '标签简介',
  `create_time` timestamp NOT NULL DEFAULT '0000-00-00 00:00:00' COMMENT '创建时间',
  `update_time` timestamp NOT NULL DEFAULT '0000-00-00 00:00:00' COMMENT '更新时间',
  PRIMARY KEY (`uid`)
) ENGINE=InnoDB DEFAULT CHARSET=utf8 COMMENT='标签表';

/*Data for the table `t_tag` */

insert  into `t_tag`(`uid`,`content`,`status`,`click_count`,`create_time`,`update_time`) values ('1c76b9848f5f4d71a5e88b20dbaf38f4','RabbitMQ',1,0,'2018-10-25 20:42:52','2018-10-25 20:42:52'),('1d1fd6d26c8e40a38637ef6126c45cd0','Linux',1,0,'2018-11-02 18:24:52','2018-11-02 18:24:52'),('53c5a0f3142e4f54820315936f78383b','Spring Boot',1,1,'2018-09-21 20:11:06','2018-09-21 20:11:06'),('5c939107ddb746b989156737805df625','机器学习',1,0,'2018-10-23 15:53:00','2018-10-23 15:53:00'),('7e0e93ea6cdb44ae92e58f48e6496ed7','Java',1,1,'2018-09-21 20:12:52','2018-09-21 20:12:52'),('a9a747d944c24845815356f72723ef8e','前端开发',1,2,'2018-09-20 14:51:39','2018-09-20 14:51:39'),('ca928e8718654aa5a802e2f69277b137','生活琐事',1,2,'2018-09-21 20:13:41','2018-09-21 20:13:41'),('e2c7913050cf4ab9aa92902316aaf075','校园生活',1,1,'2018-09-21 20:13:51','2018-09-21 20:13:51'),('f90d3c2fd9434302951130e897a89164','Vue',1,1,'2018-09-21 20:09:50','2018-09-21 20:09:50');

/*Table structure for table `t_user` */

DROP TABLE IF EXISTS `t_user`;

CREATE TABLE `t_user` (
  `uid` varchar(32) NOT NULL COMMENT '唯一uid',
  `user_name` varchar(255) NOT NULL COMMENT '用户名',
  `pass_word` varchar(32) NOT NULL COMMENT '密码',
  `gender` tinyint(1) unsigned DEFAULT NULL COMMENT '性别(1:男2:女)',
  `avatar` varchar(100) DEFAULT NULL COMMENT '个人头像',
  `email` varchar(255) NOT NULL COMMENT '邮箱',
  `birthday` date DEFAULT NULL COMMENT '出生年月日',
  `mobile` varchar(50) DEFAULT NULL COMMENT '手机',
  `valid_code` varchar(50) DEFAULT NULL COMMENT '邮箱验证码',
  `summary` varchar(200) DEFAULT NULL COMMENT '自我简介最多150字',
  `login_count` int(11) unsigned DEFAULT '0' COMMENT '登录次数',
  `last_login_time` datetime DEFAULT NULL COMMENT '最后登录时间',
  `last_login_ip` varchar(50) DEFAULT '127.0.0.1' COMMENT '最后登录IP',
  `status` tinyint(1) unsigned NOT NULL DEFAULT '1' COMMENT '状态',
  `create_time` timestamp NOT NULL DEFAULT '0000-00-00 00:00:00' COMMENT '创建时间',
  `update_time` timestamp NOT NULL DEFAULT '0000-00-00 00:00:00' COMMENT '更新时间',
  PRIMARY KEY (`uid`)
) ENGINE=InnoDB DEFAULT CHARSET=utf8 COMMENT='用户表';

/*Data for the table `t_user` */

/*Table structure for table `t_visitor` */

DROP TABLE IF EXISTS `t_visitor`;

CREATE TABLE `t_visitor` (
  `uid` varchar(32) NOT NULL COMMENT '唯一uid',
  `user_name` varchar(255) DEFAULT NULL COMMENT '用户名',
  `email` varchar(255) NOT NULL COMMENT '邮箱',
  `login_count` int(11) unsigned DEFAULT '0' COMMENT '登录次数',
  `last_login_time` datetime DEFAULT NULL COMMENT '最后登录时间',
  `last_login_ip` varchar(50) DEFAULT '127.0.0.1' COMMENT '最后登录IP',
  `status` tinyint(1) unsigned NOT NULL DEFAULT '1' COMMENT '状态',
  `create_time` timestamp NOT NULL DEFAULT '0000-00-00 00:00:00' COMMENT '创建时间',
  `update_time` timestamp NOT NULL DEFAULT '0000-00-00 00:00:00' COMMENT '更新时间',
  PRIMARY KEY (`uid`)
) ENGINE=InnoDB DEFAULT CHARSET=utf8 COMMENT='游客表';

/*Data for the table `t_visitor` */

/*!40101 SET SQL_MODE=@OLD_SQL_MODE */;
/*!40014 SET FOREIGN_KEY_CHECKS=@OLD_FOREIGN_KEY_CHECKS */;
/*!40014 SET UNIQUE_CHECKS=@OLD_UNIQUE_CHECKS */;
/*!40111 SET SQL_NOTES=@OLD_SQL_NOTES */;
