/*
SQLyog Ultimate v12.09 (64 bit)
MySQL - 10.1.35-MariaDB : Database - mogu_blog
*********************************************************************
*/

/*!40101 SET NAMES utf8 */;

/*!40101 SET SQL_MODE=''*/;

/*!40014 SET @OLD_UNIQUE_CHECKS=@@UNIQUE_CHECKS, UNIQUE_CHECKS=0 */;
/*!40014 SET @OLD_FOREIGN_KEY_CHECKS=@@FOREIGN_KEY_CHECKS, FOREIGN_KEY_CHECKS=0 */;
/*!40101 SET @OLD_SQL_MODE=@@SQL_MODE, SQL_MODE='NO_AUTO_VALUE_ON_ZERO' */;
/*!40111 SET @OLD_SQL_NOTES=@@SQL_NOTES, SQL_NOTES=0 */;
CREATE DATABASE /*!32312 IF NOT EXISTS*/`mogu_blog` /*!40100 DEFAULT CHARACTER SET utf8 */;

USE `mogu_blog`;

/*Table structure for table `t_admin` */

DROP TABLE IF EXISTS `t_admin`;

CREATE TABLE `t_admin` (
  `uid` varchar(32) NOT NULL COMMENT '唯一uid',
  `user_name` varchar(255) NOT NULL COMMENT '用户名',
  `pass_word` varchar(32) NOT NULL COMMENT '密码',
  `gender` tinyint(1) unsigned DEFAULT NULL COMMENT '性别(1:男2:女)',
  `avatar` varchar(100) DEFAULT NULL COMMENT '个人头像',
  `email` varchar(255) NOT NULL COMMENT '邮箱',
  `birthday` date DEFAULT NULL COMMENT '出生年月日',
  `mobile` varchar(11) DEFAULT NULL COMMENT '手机',
  `valid_code` varchar(50) DEFAULT NULL COMMENT '邮箱验证码',
  `summary` varchar(200) DEFAULT NULL COMMENT '自我简介最多150字',
  `login_count` int(11) unsigned DEFAULT '0' COMMENT '登录次数',
  `last_login_time` datetime DEFAULT NULL COMMENT '最后登录时间',
  `last_login_ip` varchar(50) DEFAULT '127.0.0.1' COMMENT '最后登录IP',
  `status` tinyint(1) unsigned NOT NULL DEFAULT '1' COMMENT '状态',
  `create_time` timestamp NOT NULL DEFAULT '0000-00-00 00:00:00' COMMENT '创建时间',
  `update_time` timestamp NOT NULL DEFAULT '0000-00-00 00:00:00' COMMENT '更新时间',
  PRIMARY KEY (`uid`)
) ENGINE=InnoDB DEFAULT CHARSET=utf8 COMMENT='管理员表';

/*Data for the table `t_admin` */

insert  into `t_admin`(`uid`,`user_name`,`pass_word`,`gender`,`avatar`,`email`,`birthday`,`mobile`,`valid_code`,`summary`,`login_count`,`last_login_time`,`last_login_ip`,`status`,`create_time`,`update_time`) values ('5821462bc29a4570ad80e87f3aa3f02d','admin','21232f297a57a5a743894a0e4a801fc3',1,'测试头像','xzx19950624@qq.com','2018-09-20','1597531973','123465789','测试表情',1,'2018-09-20 14:49:00','127.0.0.1',1,'0000-00-00 00:00:00','0000-00-00 00:00:00');

/*Table structure for table `t_blog` */

DROP TABLE IF EXISTS `t_blog`;

CREATE TABLE `t_blog` (
  `uid` varchar(32) NOT NULL COMMENT '唯一uid',
  `title` varchar(200) DEFAULT NULL COMMENT '博客标题',
  `summary` varchar(200) DEFAULT NULL COMMENT '博客简介',
  `content` longtext COMMENT '博客内容',
  `tag_uid` varchar(255) DEFAULT NULL COMMENT '标签uid',
  `click_count` int(11) DEFAULT '0' COMMENT '博客点击数',
  `collect_count` int(11) DEFAULT '0' COMMENT '博客收藏数',
  `file_uid` varchar(255) DEFAULT NULL COMMENT '标题图片uid',
  `status` tinyint(1) unsigned NOT NULL DEFAULT '1' COMMENT '状态',
  `create_time` timestamp NOT NULL DEFAULT '0000-00-00 00:00:00' COMMENT '创建时间',
  `update_time` timestamp NOT NULL DEFAULT '0000-00-00 00:00:00' COMMENT '更新时间',
  `admin_uid` varchar(32) DEFAULT NULL COMMENT '管理员uid',
  `is_original` varchar(1) DEFAULT '1' COMMENT '是否原创（0:不是 1：是）',
  `author` varchar(255) DEFAULT NULL COMMENT '作者',
  `articles_part` varchar(255) DEFAULT NULL COMMENT '文章出处',
  `blog_sort_uid` varchar(32) DEFAULT NULL COMMENT '博客分类UID',
  `level` tinyint(1) DEFAULT '0' COMMENT '推荐等级(0:正常)',
  PRIMARY KEY (`uid`)
) ENGINE=InnoDB DEFAULT CHARSET=utf8 COMMENT='博客表';

/*Data for the table `t_blog` */

insert  into `t_blog`(`uid`,`title`,`summary`,`content`,`tag_uid`,`click_count`,`collect_count`,`file_uid`,`status`,`create_time`,`update_time`,`admin_uid`,`is_original`,`author`,`articles_part`,`blog_sort_uid`,`level`) values ('03dc51d5c94f4c0e80a120b732940b60','别让这些闹心的套路，毁了你的网页设计!','别让这些闹心的套路，毁了你的网页设计!','<p>本文很长，记录了我博客建站初到现在的过程，还有我从毕业到现在的一个状态，感谢您的阅读，如果你还是学生，也许你能从此文中，找到我们曾经相似的地方。如果你已经工作，有自己的博客，我想，你并没有忘记当初建立个人博客的初衷吧！<br />\n<br />\n我的个人博客已经建站有8年的时间了，对它的热爱，一直都是只增未减。回想大学读书的那几年，那会儿非常流行QQ空间，我们寝室的室友还经常邀约去学校的网吧做自己的空间。系里有个男生，空间做得非常漂亮，什么悬浮，开场动画，音乐播放器，我们女生羡慕得不得了。还邀约他跟我们一起去通宵弄空间，网上可以找到很多免费的flash资源，还有音乐，那也是第一次接触js，知道在浏览器输入一个地址，修改一下数据，就能调用一些背景出来。然后把自己QQ空间弄得漂漂亮亮的，经常邀约室友来互踩。我记得08年地震，第二天晚上，我们寝室的几个人还淡定的在寝室装扮空间呢！<br />\n<br />\n<img alt=\"\" src=\"http://localhost:9527/static/img/bi01.6aa7b86.jpg\" /><br />\n<br />\n后来空间收费项目也多了，官方漏洞也修复了，加上临近毕业，又要忙着做毕业设计，就没再打理QQ空间。我知道现在的九零后，零零后，你们肯定没看过《一帘幽梦》，那会儿我也是疯狂追剧，喜欢上紫菱，喜欢上她的网站。想看看她的小世界，而我更想学着做一个她那样的网站。那会儿还天真的以为网上真的有她的网站，百度搜了好些天也没有。<br />\n<br />\n要毕业的时候，要交作业了，感觉自己什么都没学会。室友拉着我们去看了她同学做的网站，我们一个个佩服得五体投地，甚至觉得太不可思议了。有难度，又怕自己不会。老师教我们怎么布局，怎么做，并没有教我们右键保存网页。不知道是谁先会了这绝技，然后我们一个个又跟打了鸡血似的，疯狂在网上找网页，右键另存为。然后一个个修改文字，图片。仿佛又回到了那会儿做QQ空间那个时候。拿着copy来，并且精心修改的作品，递交了毕业设计，顺利结业。那会儿还是很蒙，一种云里雾里的感觉，竟有种不知道自己到底是会还是不会的感觉，也就是大家常说的毕业迷茫期。<br />\n<br />\n<img alt=\"\" src=\"http://localhost:9527/static/img/bi02.979b5e2.jpg\" /><br />\n<br />\n工作后进入社会，出去谈业务，遇到一个对网页设计超级感兴趣的人，聊了一下午都还不够，他是完全自学的，做了一个首页宣传他们的产品。他眼里的我就是专业的，总是请教我一些问题。其实我内心特羡慕人家，每次问我，我也似懂非懂的跟人家解决问题，但我还是经常靠百度来搜索他要的答案。他身上那种好学好问的那股劲儿，也成为我迫切想拥有自己的个人博客的一个重要原因。<br />\n<br />\n做博客不是说做就做的，很多东西我都不懂，也不知道要购买域名还有空间。前期要做的工作还是很多。幸好张园同学，也是我实习期的同事，他会这些，教我网上找免费的虚拟空间，然后就是把自己做的页面上传进去，还给了有一个地址，然后就能访问了。那是第一次接触，也了解了整个网站的制作过程，只可惜买域名还有空间需要费用，还在实习期的我，想想也就算了。虚拟空间毕竟是免费的，没多长时间，做过的网页就不能访问了，又得重新注册，重新上传。<br />\n<br />\n等自己有一些资金和技术后，我开始买域名和空间。从一开始，我就没想过只是练练手，或者用一段时间就行了。我会一直用下去，所以精心挑选了域名和空间。这些年除了域名没有更换外，后台程序由asp换成了php，空间从西部数据换成万网，也就是现在的阿里云。一步步升级，就想把最好的一面呈现给大家。很多人问我网站速度怎么访问那么快，其实一是网站程序，页面最好是静态页面。每次我写的代码的时候，我都在琢磨怎么减少代码，减少使用div和图片，让html结构简单化，而又不失美观。所以，网站也改版了有好几次。二是空间还有带宽。这个其实很重要，现在备案跟以前比，快很多了，快的话一星期，慢的话顶多二十天。所以，不是因为特着急的话，还是用国内空间。关于国外空间，其实现在阿里云的香港虚拟主机也不错，访问还是上传都比以前好很多了。用它的小伙伴也挺多。延伸阅读 《<a href=\"http://www.yangqq.com/jstt/web/2014-01-18/644.html\" target=\"_blank\">我的个人博客之&mdash;&mdash;阿里云空间选择</a>》<br />\n<br />\n<img alt=\"\" src=\"http://localhost:9527/static/img/bi03.f888f1f.jpg\" /><br />\n<br />\n个人博客，用来做什么？我刚开始就把它当做一个我吐槽心情的地方，也就相当于一个网络记事本，写上一些关于自己生活工作中的小情小事，也会放上一些照片，音乐。每天工作回家后就能访问自己的网站，一边听着音乐，一边写写文章。虽然访问人数少，我也不在乎这些，个人博客就好像我自己的一个日记本，来窥探的人多了，反而不自在了。因为博客，我还是交了不少朋友。我网站之前的logo就是网友给我设计的。<br />\n<br />\n后来，也是因为同学说百度搜不着我的个人博客，我才开始琢磨怎么把自己的博客排名提上去，放上去一些自己做过的模板，提供免费下载。页面以前也只有一个首页，当初我就是想着设计一个首页就行了，真正想学的人，一个页面足够了，其他页面，都靠自己设计。现在不同啦，近期版本我提供的模板都很全，实在是架不住人多都来问我怎么只有一个页面，虽然我已经在下载说明里面说得很清楚了。也就是提供了这样一些资源，我的个人博客也不再是一个只关乎自己的一个平台。曝光率越来越高，光天化日之下，哪敢放自己照片，写自己心情啊，于是乎，继续这样的模式吧，把自己写的模板放到网站上去。乐于分享，是能结交到很多朋友的。<br />\n<br />\n我的个人博客，在今年三月份之前是没有提供后台安装，调试这些服务的。其实一直都有人找我做个人博客，因为调试时间还有修改的问题，从上传到安装到修改调试，一般要四五个小时，我怕收费高，所以一直都是拒绝的。自从推出来《<a href=\"http://www.yangqq.com/download/div/2017-09-08/789.html\" target=\"_blank\">心蓝时间轴</a>》后，主动找我做网站的也多了，他们都说是我粉丝，喜欢我的模板，所以我在模板下面写了付费说明，我的个人博客也开始有了付费项目。<br />\n<br />\n<img alt=\"\" src=\"http://localhost:9527/static/img/bi06.9e798fa.jpg\" /><br />\n<br />\n我接到的第一单，是一位父亲，想给自家的宝贝建立一个博客。他说他想买一个域名，谈了好几天，最终花了8000多购买到，我挺敬佩他的，对孩子的爱，毫不吝啬。域名固然重要，其实我想说坚持用博客来记录宝贝成长点滴，才是最有价值的。第二单是一个阅读网站，从加他到跟他聊，看他朋友圈，很有才气的一个人，也相当有爱心，他的网站大部分是分享给一些爱好阅读的长者。还有些就是技术类的站长，做资讯，做旅游，做推广的。通常，从选的模板就能看出来网站类型。《<a href=\"http://www.yangqq.com/download/div/2017-09-08/789.html\">心蓝时间轴</a>》偏个人，《<a href=\"http://www.yangqq.com/download/div/2018-03-18/807.html\">绅士</a>》，《<a href=\"http://www.yangqq.com/download/div/2018-04-22/815.html\" target=\"_blank\">格调</a>》偏技术，资讯。《<a href=\"http://www.yangqq.com/download/div/2018-04-18/814.html\" target=\"_blank\">清雅</a>》，《<a href=\"http://www.yangqq.com/download/div/2017-07-16/785.html\" target=\"_blank\">水墨古典</a>》偏文艺。但也有对我防备心的，比如说付款方式，能不能走淘宝，这些我也能理解，但是有些吧，从一开始聊，感觉就不太好，理应就认为不应该收钱，收钱干嘛，到处都是免费的，听到这些，我也慢慢解释。其实他们并不了解我，了解我的网站，只要是从我博客来的，关注过一段时间的，都知道青姐的人品是咋样的。用&ldquo;心塞&rdquo;这个词，毫不为过吧。<br />\n<br />\n我做过的网站，每过一段时间，我都会一个个点击看看进展怎么样，个人博客，不像真实的面对面聊，更多的是文字的交流，不得不说有时候文字传达的信息更能了解一个人，甚至有心灵共鸣。我想我还会再重新做一个仅仅属于自己的个人博客，如果你也想要做一个博客，用来记录自己的家庭，工作，生活，或者讨女友欢心，不妨现在就开始吧！</p>\n','7e0e93ea6cdb44ae92e58f48e6496ed7',0,0,'ee98646f1d684fa4b74f4bff1e1c6f2d',1,'2018-09-25 10:34:19','2018-09-25 10:34:19',NULL,'1','陌溪_','蘑菇博客','2c93dfab0e754006866f8ed486923a41',2),('03dc51d5c94f4c0e80a120b732940b61','别让这些闹心的套路，毁了你的网页设计!','别让这些闹心的套路，毁了你的网页设计!','<p>本文很长，记录了我博客建站初到现在的过程，还有我从毕业到现在的一个状态，感谢您的阅读，如果你还是学生，也许你能从此文中，找到我们曾经相似的地方。如果你已经工作，有自己的博客，我想，你并没有忘记当初建立个人博客的初衷吧！<br />\n<br />\n我的个人博客已经建站有8年的时间了，对它的热爱，一直都是只增未减。回想大学读书的那几年，那会儿非常流行QQ空间，我们寝室的室友还经常邀约去学校的网吧做自己的空间。系里有个男生，空间做得非常漂亮，什么悬浮，开场动画，音乐播放器，我们女生羡慕得不得了。还邀约他跟我们一起去通宵弄空间，网上可以找到很多免费的flash资源，还有音乐，那也是第一次接触js，知道在浏览器输入一个地址，修改一下数据，就能调用一些背景出来。然后把自己QQ空间弄得漂漂亮亮的，经常邀约室友来互踩。我记得08年地震，第二天晚上，我们寝室的几个人还淡定的在寝室装扮空间呢！<br />\n<br />\n<img alt=\"\" src=\"http://localhost:9527/static/img/bi01.6aa7b86.jpg\" /><br />\n<br />\n后来空间收费项目也多了，官方漏洞也修复了，加上临近毕业，又要忙着做毕业设计，就没再打理QQ空间。我知道现在的九零后，零零后，你们肯定没看过《一帘幽梦》，那会儿我也是疯狂追剧，喜欢上紫菱，喜欢上她的网站。想看看她的小世界，而我更想学着做一个她那样的网站。那会儿还天真的以为网上真的有她的网站，百度搜了好些天也没有。<br />\n<br />\n要毕业的时候，要交作业了，感觉自己什么都没学会。室友拉着我们去看了她同学做的网站，我们一个个佩服得五体投地，甚至觉得太不可思议了。有难度，又怕自己不会。老师教我们怎么布局，怎么做，并没有教我们右键保存网页。不知道是谁先会了这绝技，然后我们一个个又跟打了鸡血似的，疯狂在网上找网页，右键另存为。然后一个个修改文字，图片。仿佛又回到了那会儿做QQ空间那个时候。拿着copy来，并且精心修改的作品，递交了毕业设计，顺利结业。那会儿还是很蒙，一种云里雾里的感觉，竟有种不知道自己到底是会还是不会的感觉，也就是大家常说的毕业迷茫期。<br />\n<br />\n<img alt=\"\" src=\"http://localhost:9527/static/img/bi02.979b5e2.jpg\" /><br />\n<br />\n工作后进入社会，出去谈业务，遇到一个对网页设计超级感兴趣的人，聊了一下午都还不够，他是完全自学的，做了一个首页宣传他们的产品。他眼里的我就是专业的，总是请教我一些问题。其实我内心特羡慕人家，每次问我，我也似懂非懂的跟人家解决问题，但我还是经常靠百度来搜索他要的答案。他身上那种好学好问的那股劲儿，也成为我迫切想拥有自己的个人博客的一个重要原因。<br />\n<br />\n做博客不是说做就做的，很多东西我都不懂，也不知道要购买域名还有空间。前期要做的工作还是很多。幸好张园同学，也是我实习期的同事，他会这些，教我网上找免费的虚拟空间，然后就是把自己做的页面上传进去，还给了有一个地址，然后就能访问了。那是第一次接触，也了解了整个网站的制作过程，只可惜买域名还有空间需要费用，还在实习期的我，想想也就算了。虚拟空间毕竟是免费的，没多长时间，做过的网页就不能访问了，又得重新注册，重新上传。<br />\n<br />\n等自己有一些资金和技术后，我开始买域名和空间。从一开始，我就没想过只是练练手，或者用一段时间就行了。我会一直用下去，所以精心挑选了域名和空间。这些年除了域名没有更换外，后台程序由asp换成了php，空间从西部数据换成万网，也就是现在的阿里云。一步步升级，就想把最好的一面呈现给大家。很多人问我网站速度怎么访问那么快，其实一是网站程序，页面最好是静态页面。每次我写的代码的时候，我都在琢磨怎么减少代码，减少使用div和图片，让html结构简单化，而又不失美观。所以，网站也改版了有好几次。二是空间还有带宽。这个其实很重要，现在备案跟以前比，快很多了，快的话一星期，慢的话顶多二十天。所以，不是因为特着急的话，还是用国内空间。关于国外空间，其实现在阿里云的香港虚拟主机也不错，访问还是上传都比以前好很多了。用它的小伙伴也挺多。延伸阅读 《<a href=\"http://www.yangqq.com/jstt/web/2014-01-18/644.html\" target=\"_blank\">我的个人博客之&mdash;&mdash;阿里云空间选择</a>》<br />\n<br />\n<img alt=\"\" src=\"http://localhost:9527/static/img/bi03.f888f1f.jpg\" /><br />\n<br />\n个人博客，用来做什么？我刚开始就把它当做一个我吐槽心情的地方，也就相当于一个网络记事本，写上一些关于自己生活工作中的小情小事，也会放上一些照片，音乐。每天工作回家后就能访问自己的网站，一边听着音乐，一边写写文章。虽然访问人数少，我也不在乎这些，个人博客就好像我自己的一个日记本，来窥探的人多了，反而不自在了。因为博客，我还是交了不少朋友。我网站之前的logo就是网友给我设计的。<br />\n<br />\n后来，也是因为同学说百度搜不着我的个人博客，我才开始琢磨怎么把自己的博客排名提上去，放上去一些自己做过的模板，提供免费下载。页面以前也只有一个首页，当初我就是想着设计一个首页就行了，真正想学的人，一个页面足够了，其他页面，都靠自己设计。现在不同啦，近期版本我提供的模板都很全，实在是架不住人多都来问我怎么只有一个页面，虽然我已经在下载说明里面说得很清楚了。也就是提供了这样一些资源，我的个人博客也不再是一个只关乎自己的一个平台。曝光率越来越高，光天化日之下，哪敢放自己照片，写自己心情啊，于是乎，继续这样的模式吧，把自己写的模板放到网站上去。乐于分享，是能结交到很多朋友的。<br />\n<br />\n我的个人博客，在今年三月份之前是没有提供后台安装，调试这些服务的。其实一直都有人找我做个人博客，因为调试时间还有修改的问题，从上传到安装到修改调试，一般要四五个小时，我怕收费高，所以一直都是拒绝的。自从推出来《<a href=\"http://www.yangqq.com/download/div/2017-09-08/789.html\" target=\"_blank\">心蓝时间轴</a>》后，主动找我做网站的也多了，他们都说是我粉丝，喜欢我的模板，所以我在模板下面写了付费说明，我的个人博客也开始有了付费项目。<br />\n<br />\n<img alt=\"\" src=\"http://localhost:9527/static/img/bi06.9e798fa.jpg\" /><br />\n<br />\n我接到的第一单，是一位父亲，想给自家的宝贝建立一个博客。他说他想买一个域名，谈了好几天，最终花了8000多购买到，我挺敬佩他的，对孩子的爱，毫不吝啬。域名固然重要，其实我想说坚持用博客来记录宝贝成长点滴，才是最有价值的。第二单是一个阅读网站，从加他到跟他聊，看他朋友圈，很有才气的一个人，也相当有爱心，他的网站大部分是分享给一些爱好阅读的长者。还有些就是技术类的站长，做资讯，做旅游，做推广的。通常，从选的模板就能看出来网站类型。《<a href=\"http://www.yangqq.com/download/div/2017-09-08/789.html\">心蓝时间轴</a>》偏个人，《<a href=\"http://www.yangqq.com/download/div/2018-03-18/807.html\">绅士</a>》，《<a href=\"http://www.yangqq.com/download/div/2018-04-22/815.html\" target=\"_blank\">格调</a>》偏技术，资讯。《<a href=\"http://www.yangqq.com/download/div/2018-04-18/814.html\" target=\"_blank\">清雅</a>》，《<a href=\"http://www.yangqq.com/download/div/2017-07-16/785.html\" target=\"_blank\">水墨古典</a>》偏文艺。但也有对我防备心的，比如说付款方式，能不能走淘宝，这些我也能理解，但是有些吧，从一开始聊，感觉就不太好，理应就认为不应该收钱，收钱干嘛，到处都是免费的，听到这些，我也慢慢解释。其实他们并不了解我，了解我的网站，只要是从我博客来的，关注过一段时间的，都知道青姐的人品是咋样的。用&ldquo;心塞&rdquo;这个词，毫不为过吧。<br />\n<br />\n我做过的网站，每过一段时间，我都会一个个点击看看进展怎么样，个人博客，不像真实的面对面聊，更多的是文字的交流，不得不说有时候文字传达的信息更能了解一个人，甚至有心灵共鸣。我想我还会再重新做一个仅仅属于自己的个人博客，如果你也想要做一个博客，用来记录自己的家庭，工作，生活，或者讨女友欢心，不妨现在就开始吧！</p>\n','7e0e93ea6cdb44ae92e58f48e6496ed7',0,0,'95ebbd393dc9432a9d65ac0d7b35cd5c',1,'2018-09-25 10:34:19','2018-09-25 10:34:19',NULL,'1','陌溪_','蘑菇博客','2c93dfab0e754006866f8ed486923a41',2),('03dc51d5c94f4c0e80a120b732940b63','别让这些闹心的套路，毁了你的网页设计!','别让这些闹心的套路，毁了你的网页设计!','<p>本文很长，记录了我博客建站初到现在的过程，还有我从毕业到现在的一个状态，感谢您的阅读，如果你还是学生，也许你能从此文中，找到我们曾经相似的地方。如果你已经工作，有自己的博客，我想，你并没有忘记当初建立个人博客的初衷吧！<br />\n<br />\n我的个人博客已经建站有8年的时间了，对它的热爱，一直都是只增未减。回想大学读书的那几年，那会儿非常流行QQ空间，我们寝室的室友还经常邀约去学校的网吧做自己的空间。系里有个男生，空间做得非常漂亮，什么悬浮，开场动画，音乐播放器，我们女生羡慕得不得了。还邀约他跟我们一起去通宵弄空间，网上可以找到很多免费的flash资源，还有音乐，那也是第一次接触js，知道在浏览器输入一个地址，修改一下数据，就能调用一些背景出来。然后把自己QQ空间弄得漂漂亮亮的，经常邀约室友来互踩。我记得08年地震，第二天晚上，我们寝室的几个人还淡定的在寝室装扮空间呢！<br />\n<br />\n<img alt=\"\" src=\"http://localhost:9527/static/img/bi01.6aa7b86.jpg\" /><br />\n<br />\n后来空间收费项目也多了，官方漏洞也修复了，加上临近毕业，又要忙着做毕业设计，就没再打理QQ空间。我知道现在的九零后，零零后，你们肯定没看过《一帘幽梦》，那会儿我也是疯狂追剧，喜欢上紫菱，喜欢上她的网站。想看看她的小世界，而我更想学着做一个她那样的网站。那会儿还天真的以为网上真的有她的网站，百度搜了好些天也没有。<br />\n<br />\n要毕业的时候，要交作业了，感觉自己什么都没学会。室友拉着我们去看了她同学做的网站，我们一个个佩服得五体投地，甚至觉得太不可思议了。有难度，又怕自己不会。老师教我们怎么布局，怎么做，并没有教我们右键保存网页。不知道是谁先会了这绝技，然后我们一个个又跟打了鸡血似的，疯狂在网上找网页，右键另存为。然后一个个修改文字，图片。仿佛又回到了那会儿做QQ空间那个时候。拿着copy来，并且精心修改的作品，递交了毕业设计，顺利结业。那会儿还是很蒙，一种云里雾里的感觉，竟有种不知道自己到底是会还是不会的感觉，也就是大家常说的毕业迷茫期。<br />\n<br />\n<img alt=\"\" src=\"http://localhost:9527/static/img/bi02.979b5e2.jpg\" /><br />\n<br />\n工作后进入社会，出去谈业务，遇到一个对网页设计超级感兴趣的人，聊了一下午都还不够，他是完全自学的，做了一个首页宣传他们的产品。他眼里的我就是专业的，总是请教我一些问题。其实我内心特羡慕人家，每次问我，我也似懂非懂的跟人家解决问题，但我还是经常靠百度来搜索他要的答案。他身上那种好学好问的那股劲儿，也成为我迫切想拥有自己的个人博客的一个重要原因。<br />\n<br />\n做博客不是说做就做的，很多东西我都不懂，也不知道要购买域名还有空间。前期要做的工作还是很多。幸好张园同学，也是我实习期的同事，他会这些，教我网上找免费的虚拟空间，然后就是把自己做的页面上传进去，还给了有一个地址，然后就能访问了。那是第一次接触，也了解了整个网站的制作过程，只可惜买域名还有空间需要费用，还在实习期的我，想想也就算了。虚拟空间毕竟是免费的，没多长时间，做过的网页就不能访问了，又得重新注册，重新上传。<br />\n<br />\n等自己有一些资金和技术后，我开始买域名和空间。从一开始，我就没想过只是练练手，或者用一段时间就行了。我会一直用下去，所以精心挑选了域名和空间。这些年除了域名没有更换外，后台程序由asp换成了php，空间从西部数据换成万网，也就是现在的阿里云。一步步升级，就想把最好的一面呈现给大家。很多人问我网站速度怎么访问那么快，其实一是网站程序，页面最好是静态页面。每次我写的代码的时候，我都在琢磨怎么减少代码，减少使用div和图片，让html结构简单化，而又不失美观。所以，网站也改版了有好几次。二是空间还有带宽。这个其实很重要，现在备案跟以前比，快很多了，快的话一星期，慢的话顶多二十天。所以，不是因为特着急的话，还是用国内空间。关于国外空间，其实现在阿里云的香港虚拟主机也不错，访问还是上传都比以前好很多了。用它的小伙伴也挺多。延伸阅读 《<a href=\"http://www.yangqq.com/jstt/web/2014-01-18/644.html\" target=\"_blank\">我的个人博客之&mdash;&mdash;阿里云空间选择</a>》<br />\n<br />\n<img alt=\"\" src=\"http://localhost:9527/static/img/bi03.f888f1f.jpg\" /><br />\n<br />\n个人博客，用来做什么？我刚开始就把它当做一个我吐槽心情的地方，也就相当于一个网络记事本，写上一些关于自己生活工作中的小情小事，也会放上一些照片，音乐。每天工作回家后就能访问自己的网站，一边听着音乐，一边写写文章。虽然访问人数少，我也不在乎这些，个人博客就好像我自己的一个日记本，来窥探的人多了，反而不自在了。因为博客，我还是交了不少朋友。我网站之前的logo就是网友给我设计的。<br />\n<br />\n后来，也是因为同学说百度搜不着我的个人博客，我才开始琢磨怎么把自己的博客排名提上去，放上去一些自己做过的模板，提供免费下载。页面以前也只有一个首页，当初我就是想着设计一个首页就行了，真正想学的人，一个页面足够了，其他页面，都靠自己设计。现在不同啦，近期版本我提供的模板都很全，实在是架不住人多都来问我怎么只有一个页面，虽然我已经在下载说明里面说得很清楚了。也就是提供了这样一些资源，我的个人博客也不再是一个只关乎自己的一个平台。曝光率越来越高，光天化日之下，哪敢放自己照片，写自己心情啊，于是乎，继续这样的模式吧，把自己写的模板放到网站上去。乐于分享，是能结交到很多朋友的。<br />\n<br />\n我的个人博客，在今年三月份之前是没有提供后台安装，调试这些服务的。其实一直都有人找我做个人博客，因为调试时间还有修改的问题，从上传到安装到修改调试，一般要四五个小时，我怕收费高，所以一直都是拒绝的。自从推出来《<a href=\"http://www.yangqq.com/download/div/2017-09-08/789.html\" target=\"_blank\">心蓝时间轴</a>》后，主动找我做网站的也多了，他们都说是我粉丝，喜欢我的模板，所以我在模板下面写了付费说明，我的个人博客也开始有了付费项目。<br />\n<br />\n<img alt=\"\" src=\"http://localhost:9527/static/img/bi06.9e798fa.jpg\" /><br />\n<br />\n我接到的第一单，是一位父亲，想给自家的宝贝建立一个博客。他说他想买一个域名，谈了好几天，最终花了8000多购买到，我挺敬佩他的，对孩子的爱，毫不吝啬。域名固然重要，其实我想说坚持用博客来记录宝贝成长点滴，才是最有价值的。第二单是一个阅读网站，从加他到跟他聊，看他朋友圈，很有才气的一个人，也相当有爱心，他的网站大部分是分享给一些爱好阅读的长者。还有些就是技术类的站长，做资讯，做旅游，做推广的。通常，从选的模板就能看出来网站类型。《<a href=\"http://www.yangqq.com/download/div/2017-09-08/789.html\">心蓝时间轴</a>》偏个人，《<a href=\"http://www.yangqq.com/download/div/2018-03-18/807.html\">绅士</a>》，《<a href=\"http://www.yangqq.com/download/div/2018-04-22/815.html\" target=\"_blank\">格调</a>》偏技术，资讯。《<a href=\"http://www.yangqq.com/download/div/2018-04-18/814.html\" target=\"_blank\">清雅</a>》，《<a href=\"http://www.yangqq.com/download/div/2017-07-16/785.html\" target=\"_blank\">水墨古典</a>》偏文艺。但也有对我防备心的，比如说付款方式，能不能走淘宝，这些我也能理解，但是有些吧，从一开始聊，感觉就不太好，理应就认为不应该收钱，收钱干嘛，到处都是免费的，听到这些，我也慢慢解释。其实他们并不了解我，了解我的网站，只要是从我博客来的，关注过一段时间的，都知道青姐的人品是咋样的。用&ldquo;心塞&rdquo;这个词，毫不为过吧。<br />\n<br />\n我做过的网站，每过一段时间，我都会一个个点击看看进展怎么样，个人博客，不像真实的面对面聊，更多的是文字的交流，不得不说有时候文字传达的信息更能了解一个人，甚至有心灵共鸣。我想我还会再重新做一个仅仅属于自己的个人博客，如果你也想要做一个博客，用来记录自己的家庭，工作，生活，或者讨女友欢心，不妨现在就开始吧！</p>\n','7e0e93ea6cdb44ae92e58f48e6496ed7',0,0,'95ebbd393dc9432a9d65ac0d7b35cd5c,720cc8699ccb484caf1c20a477c66382,dde8800dd17c4b8c9de9169fbb0a49f9,35e191c4bfcd45bca64d3b21533ca6b6,829ad31089404f0eb52baa1a8e19705c',1,'2018-09-25 10:34:19','2018-09-25 10:34:19',NULL,'1','陌溪_','蘑菇博客','2c93dfab0e754006866f8ed486923a41',3),('07e0a628d677420092aa63fea13f5f21','别让这些闹心的套路，毁了你的网页设计!','别让这些闹心的套路，毁了你的网页设计!','<p>本文很长，记录了我博客建站初到现在的过程，还有我从毕业到现在的一个状态，感谢您的阅读，如果你还是学生，也许你能从此文中，找到我们曾经相似的地方。如果你已经工作，有自己的博客，我想，你并没有忘记当初建立个人博客的初衷吧！<br />\n<br />\n我的个人博客已经建站有8年的时间了，对它的热爱，一直都是只增未减。回想大学读书的那几年，那会儿非常流行QQ空间，我们寝室的室友还经常邀约去学校的网吧做自己的空间。系里有个男生，空间做得非常漂亮，什么悬浮，开场动画，音乐播放器，我们女生羡慕得不得了。还邀约他跟我们一起去通宵弄空间，网上可以找到很多免费的flash资源，还有音乐，那也是第一次接触js，知道在浏览器输入一个地址，修改一下数据，就能调用一些背景出来。然后把自己QQ空间弄得漂漂亮亮的，经常邀约室友来互踩。我记得08年地震，第二天晚上，我们寝室的几个人还淡定的在寝室装扮空间呢！<br />\n<br />\n<img alt=\"\" src=\"http://localhost:9527/static/img/bi01.6aa7b86.jpg\" /><br />\n<br />\n后来空间收费项目也多了，官方漏洞也修复了，加上临近毕业，又要忙着做毕业设计，就没再打理QQ空间。我知道现在的九零后，零零后，你们肯定没看过《一帘幽梦》，那会儿我也是疯狂追剧，喜欢上紫菱，喜欢上她的网站。想看看她的小世界，而我更想学着做一个她那样的网站。那会儿还天真的以为网上真的有她的网站，百度搜了好些天也没有。<br />\n<br />\n要毕业的时候，要交作业了，感觉自己什么都没学会。室友拉着我们去看了她同学做的网站，我们一个个佩服得五体投地，甚至觉得太不可思议了。有难度，又怕自己不会。老师教我们怎么布局，怎么做，并没有教我们右键保存网页。不知道是谁先会了这绝技，然后我们一个个又跟打了鸡血似的，疯狂在网上找网页，右键另存为。然后一个个修改文字，图片。仿佛又回到了那会儿做QQ空间那个时候。拿着copy来，并且精心修改的作品，递交了毕业设计，顺利结业。那会儿还是很蒙，一种云里雾里的感觉，竟有种不知道自己到底是会还是不会的感觉，也就是大家常说的毕业迷茫期。<br />\n<br />\n<img alt=\"\" src=\"http://localhost:9527/static/img/bi02.979b5e2.jpg\" /><br />\n<br />\n工作后进入社会，出去谈业务，遇到一个对网页设计超级感兴趣的人，聊了一下午都还不够，他是完全自学的，做了一个首页宣传他们的产品。他眼里的我就是专业的，总是请教我一些问题。其实我内心特羡慕人家，每次问我，我也似懂非懂的跟人家解决问题，但我还是经常靠百度来搜索他要的答案。他身上那种好学好问的那股劲儿，也成为我迫切想拥有自己的个人博客的一个重要原因。<br />\n<br />\n做博客不是说做就做的，很多东西我都不懂，也不知道要购买域名还有空间。前期要做的工作还是很多。幸好张园同学，也是我实习期的同事，他会这些，教我网上找免费的虚拟空间，然后就是把自己做的页面上传进去，还给了有一个地址，然后就能访问了。那是第一次接触，也了解了整个网站的制作过程，只可惜买域名还有空间需要费用，还在实习期的我，想想也就算了。虚拟空间毕竟是免费的，没多长时间，做过的网页就不能访问了，又得重新注册，重新上传。<br />\n<br />\n等自己有一些资金和技术后，我开始买域名和空间。从一开始，我就没想过只是练练手，或者用一段时间就行了。我会一直用下去，所以精心挑选了域名和空间。这些年除了域名没有更换外，后台程序由asp换成了php，空间从西部数据换成万网，也就是现在的阿里云。一步步升级，就想把最好的一面呈现给大家。很多人问我网站速度怎么访问那么快，其实一是网站程序，页面最好是静态页面。每次我写的代码的时候，我都在琢磨怎么减少代码，减少使用div和图片，让html结构简单化，而又不失美观。所以，网站也改版了有好几次。二是空间还有带宽。这个其实很重要，现在备案跟以前比，快很多了，快的话一星期，慢的话顶多二十天。所以，不是因为特着急的话，还是用国内空间。关于国外空间，其实现在阿里云的香港虚拟主机也不错，访问还是上传都比以前好很多了。用它的小伙伴也挺多。延伸阅读 《<a href=\"http://www.yangqq.com/jstt/web/2014-01-18/644.html\" target=\"_blank\">我的个人博客之&mdash;&mdash;阿里云空间选择</a>》<br />\n<br />\n<img alt=\"\" src=\"http://localhost:9527/static/img/bi03.f888f1f.jpg\" /><br />\n<br />\n个人博客，用来做什么？我刚开始就把它当做一个我吐槽心情的地方，也就相当于一个网络记事本，写上一些关于自己生活工作中的小情小事，也会放上一些照片，音乐。每天工作回家后就能访问自己的网站，一边听着音乐，一边写写文章。虽然访问人数少，我也不在乎这些，个人博客就好像我自己的一个日记本，来窥探的人多了，反而不自在了。因为博客，我还是交了不少朋友。我网站之前的logo就是网友给我设计的。<br />\n<br />\n后来，也是因为同学说百度搜不着我的个人博客，我才开始琢磨怎么把自己的博客排名提上去，放上去一些自己做过的模板，提供免费下载。页面以前也只有一个首页，当初我就是想着设计一个首页就行了，真正想学的人，一个页面足够了，其他页面，都靠自己设计。现在不同啦，近期版本我提供的模板都很全，实在是架不住人多都来问我怎么只有一个页面，虽然我已经在下载说明里面说得很清楚了。也就是提供了这样一些资源，我的个人博客也不再是一个只关乎自己的一个平台。曝光率越来越高，光天化日之下，哪敢放自己照片，写自己心情啊，于是乎，继续这样的模式吧，把自己写的模板放到网站上去。乐于分享，是能结交到很多朋友的。<br />\n<br />\n我的个人博客，在今年三月份之前是没有提供后台安装，调试这些服务的。其实一直都有人找我做个人博客，因为调试时间还有修改的问题，从上传到安装到修改调试，一般要四五个小时，我怕收费高，所以一直都是拒绝的。自从推出来《<a href=\"http://www.yangqq.com/download/div/2017-09-08/789.html\" target=\"_blank\">心蓝时间轴</a>》后，主动找我做网站的也多了，他们都说是我粉丝，喜欢我的模板，所以我在模板下面写了付费说明，我的个人博客也开始有了付费项目。<br />\n<br />\n<img alt=\"\" src=\"http://localhost:9527/static/img/bi06.9e798fa.jpg\" /><br />\n<br />\n我接到的第一单，是一位父亲，想给自家的宝贝建立一个博客。他说他想买一个域名，谈了好几天，最终花了8000多购买到，我挺敬佩他的，对孩子的爱，毫不吝啬。域名固然重要，其实我想说坚持用博客来记录宝贝成长点滴，才是最有价值的。第二单是一个阅读网站，从加他到跟他聊，看他朋友圈，很有才气的一个人，也相当有爱心，他的网站大部分是分享给一些爱好阅读的长者。还有些就是技术类的站长，做资讯，做旅游，做推广的。通常，从选的模板就能看出来网站类型。《<a href=\"http://www.yangqq.com/download/div/2017-09-08/789.html\">心蓝时间轴</a>》偏个人，《<a href=\"http://www.yangqq.com/download/div/2018-03-18/807.html\">绅士</a>》，《<a href=\"http://www.yangqq.com/download/div/2018-04-22/815.html\" target=\"_blank\">格调</a>》偏技术，资讯。《<a href=\"http://www.yangqq.com/download/div/2018-04-18/814.html\" target=\"_blank\">清雅</a>》，《<a href=\"http://www.yangqq.com/download/div/2017-07-16/785.html\" target=\"_blank\">水墨古典</a>》偏文艺。但也有对我防备心的，比如说付款方式，能不能走淘宝，这些我也能理解，但是有些吧，从一开始聊，感觉就不太好，理应就认为不应该收钱，收钱干嘛，到处都是免费的，听到这些，我也慢慢解释。其实他们并不了解我，了解我的网站，只要是从我博客来的，关注过一段时间的，都知道青姐的人品是咋样的。用&ldquo;心塞&rdquo;这个词，毫不为过吧。<br />\n<br />\n我做过的网站，每过一段时间，我都会一个个点击看看进展怎么样，个人博客，不像真实的面对面聊，更多的是文字的交流，不得不说有时候文字传达的信息更能了解一个人，甚至有心灵共鸣。我想我还会再重新做一个仅仅属于自己的个人博客，如果你也想要做一个博客，用来记录自己的家庭，工作，生活，或者讨女友欢心，不妨现在就开始吧！</p>\n','a9a747d944c24845815356f72723ef8e',1,0,'95ebbd393dc9432a9d65ac0d7b35cd5c,720cc8699ccb484caf1c20a477c66382,dde8800dd17c4b8c9de9169fbb0a49f9,35e191c4bfcd45bca64d3b21533ca6b6,829ad31089404f0eb52baa1a8e19705c,290a1ee600ce40908604b3a5f7dfe57a',1,'2018-09-25 10:33:52','2018-09-25 10:33:52',NULL,'1','陌溪','蘑菇博客','2c93dfab0e754006866f8ed486923a41',3),('07e0a628d677420092aa63fea13f5f23','别让这些闹心的套路，毁了你的网页设计!','别让这些闹心的套路，毁了你的网页设计!','<p>别让这些闹心的套路，毁了你的网页设计!</p>\n','a9a747d944c24845815356f72723ef8e',1,0,'dde8800dd17c4b8c9de9169fbb0a49f9,35e191c4bfcd45bca64d3b21533ca6b6,82f9380f765044edadbe7ab3e441b51b',1,'2018-09-25 10:33:52','2018-09-25 10:33:52',NULL,'1','陌溪','蘑菇博客','2c93dfab0e754006866f8ed486923a41',3),('07e0a628d677420092aa63fea13f5f2e','别让这些闹心的套路，毁了你的网页设计!','别让这些闹心的套路，毁了你的网页设计!','<p>别让这些闹心的套路，毁了你的网页设计!</p>\n','a9a747d944c24845815356f72723ef8e',1,0,'95ebbd393dc9432a9d65ac0d7b35cd5c,720cc8699ccb484caf1c20a477c66382,dde8800dd17c4b8c9de9169fbb0a49f9,35e191c4bfcd45bca64d3b21533ca6b6,829ad31089404f0eb52baa1a8e19705c,290a1ee600ce40908604b3a5f7dfe57a',1,'2018-09-25 10:33:52','2018-09-25 10:33:52',NULL,'1','陌溪','蘑菇博客','2c93dfab0e754006866f8ed486923a41',4),('1a6b52726c6c4c2b954b84fec3e36107','测试博客009','测试博客009','<p>本文很长，记录了我博客建站初到现在的过程，还有我从毕业到现在的一个状态，感谢您的阅读，如果你还是学生，也许你能从此文中，找到我们曾经相似的地方。如果你已经工作，有自己的博客，我想，你并没有忘记当初建立个人博客的初衷吧！<br />\n<br />\n我的个人博客已经建站有8年的时间了，对它的热爱，一直都是只增未减。回想大学读书的那几年，那会儿非常流行QQ空间，我们寝室的室友还经常邀约去学校的网吧做自己的空间。系里有个男生，空间做得非常漂亮，什么悬浮，开场动画，音乐播放器，我们女生羡慕得不得了。还邀约他跟我们一起去通宵弄空间，网上可以找到很多免费的flash资源，还有音乐，那也是第一次接触js，知道在浏览器输入一个地址，修改一下数据，就能调用一些背景出来。然后把自己QQ空间弄得漂漂亮亮的，经常邀约室友来互踩。我记得08年地震，第二天晚上，我们寝室的几个人还淡定的在寝室装扮空间呢！<br />\n<br />\n<img alt=\"\" src=\"http://localhost:9527/static/img/bi01.6aa7b86.jpg\" /><br />\n<br />\n后来空间收费项目也多了，官方漏洞也修复了，加上临近毕业，又要忙着做毕业设计，就没再打理QQ空间。我知道现在的九零后，零零后，你们肯定没看过《一帘幽梦》，那会儿我也是疯狂追剧，喜欢上紫菱，喜欢上她的网站。想看看她的小世界，而我更想学着做一个她那样的网站。那会儿还天真的以为网上真的有她的网站，百度搜了好些天也没有。<br />\n<br />\n要毕业的时候，要交作业了，感觉自己什么都没学会。室友拉着我们去看了她同学做的网站，我们一个个佩服得五体投地，甚至觉得太不可思议了。有难度，又怕自己不会。老师教我们怎么布局，怎么做，并没有教我们右键保存网页。不知道是谁先会了这绝技，然后我们一个个又跟打了鸡血似的，疯狂在网上找网页，右键另存为。然后一个个修改文字，图片。仿佛又回到了那会儿做QQ空间那个时候。拿着copy来，并且精心修改的作品，递交了毕业设计，顺利结业。那会儿还是很蒙，一种云里雾里的感觉，竟有种不知道自己到底是会还是不会的感觉，也就是大家常说的毕业迷茫期。<br />\n<br />\n<img alt=\"\" src=\"http://localhost:9527/static/img/bi02.979b5e2.jpg\" /><br />\n<br />\n工作后进入社会，出去谈业务，遇到一个对网页设计超级感兴趣的人，聊了一下午都还不够，他是完全自学的，做了一个首页宣传他们的产品。他眼里的我就是专业的，总是请教我一些问题。其实我内心特羡慕人家，每次问我，我也似懂非懂的跟人家解决问题，但我还是经常靠百度来搜索他要的答案。他身上那种好学好问的那股劲儿，也成为我迫切想拥有自己的个人博客的一个重要原因。<br />\n<br />\n做博客不是说做就做的，很多东西我都不懂，也不知道要购买域名还有空间。前期要做的工作还是很多。幸好张园同学，也是我实习期的同事，他会这些，教我网上找免费的虚拟空间，然后就是把自己做的页面上传进去，还给了有一个地址，然后就能访问了。那是第一次接触，也了解了整个网站的制作过程，只可惜买域名还有空间需要费用，还在实习期的我，想想也就算了。虚拟空间毕竟是免费的，没多长时间，做过的网页就不能访问了，又得重新注册，重新上传。<br />\n<br />\n等自己有一些资金和技术后，我开始买域名和空间。从一开始，我就没想过只是练练手，或者用一段时间就行了。我会一直用下去，所以精心挑选了域名和空间。这些年除了域名没有更换外，后台程序由asp换成了php，空间从西部数据换成万网，也就是现在的阿里云。一步步升级，就想把最好的一面呈现给大家。很多人问我网站速度怎么访问那么快，其实一是网站程序，页面最好是静态页面。每次我写的代码的时候，我都在琢磨怎么减少代码，减少使用div和图片，让html结构简单化，而又不失美观。所以，网站也改版了有好几次。二是空间还有带宽。这个其实很重要，现在备案跟以前比，快很多了，快的话一星期，慢的话顶多二十天。所以，不是因为特着急的话，还是用国内空间。关于国外空间，其实现在阿里云的香港虚拟主机也不错，访问还是上传都比以前好很多了。用它的小伙伴也挺多。延伸阅读 《<a href=\"http://www.yangqq.com/jstt/web/2014-01-18/644.html\" target=\"_blank\">我的个人博客之&mdash;&mdash;阿里云空间选择</a>》<br />\n<br />\n<img alt=\"\" src=\"http://localhost:9527/static/img/bi03.f888f1f.jpg\" /><br />\n<br />\n个人博客，用来做什么？我刚开始就把它当做一个我吐槽心情的地方，也就相当于一个网络记事本，写上一些关于自己生活工作中的小情小事，也会放上一些照片，音乐。每天工作回家后就能访问自己的网站，一边听着音乐，一边写写文章。虽然访问人数少，我也不在乎这些，个人博客就好像我自己的一个日记本，来窥探的人多了，反而不自在了。因为博客，我还是交了不少朋友。我网站之前的logo就是网友给我设计的。<br />\n<br />\n后来，也是因为同学说百度搜不着我的个人博客，我才开始琢磨怎么把自己的博客排名提上去，放上去一些自己做过的模板，提供免费下载。页面以前也只有一个首页，当初我就是想着设计一个首页就行了，真正想学的人，一个页面足够了，其他页面，都靠自己设计。现在不同啦，近期版本我提供的模板都很全，实在是架不住人多都来问我怎么只有一个页面，虽然我已经在下载说明里面说得很清楚了。也就是提供了这样一些资源，我的个人博客也不再是一个只关乎自己的一个平台。曝光率越来越高，光天化日之下，哪敢放自己照片，写自己心情啊，于是乎，继续这样的模式吧，把自己写的模板放到网站上去。乐于分享，是能结交到很多朋友的。<br />\n<br />\n我的个人博客，在今年三月份之前是没有提供后台安装，调试这些服务的。其实一直都有人找我做个人博客，因为调试时间还有修改的问题，从上传到安装到修改调试，一般要四五个小时，我怕收费高，所以一直都是拒绝的。自从推出来《<a href=\"http://www.yangqq.com/download/div/2017-09-08/789.html\" target=\"_blank\">心蓝时间轴</a>》后，主动找我做网站的也多了，他们都说是我粉丝，喜欢我的模板，所以我在模板下面写了付费说明，我的个人博客也开始有了付费项目。<br />\n<br />\n<img alt=\"\" src=\"http://localhost:9527/static/img/bi06.9e798fa.jpg\" /><br />\n<br />\n我接到的第一单，是一位父亲，想给自家的宝贝建立一个博客。他说他想买一个域名，谈了好几天，最终花了8000多购买到，我挺敬佩他的，对孩子的爱，毫不吝啬。域名固然重要，其实我想说坚持用博客来记录宝贝成长点滴，才是最有价值的。第二单是一个阅读网站，从加他到跟他聊，看他朋友圈，很有才气的一个人，也相当有爱心，他的网站大部分是分享给一些爱好阅读的长者。还有些就是技术类的站长，做资讯，做旅游，做推广的。通常，从选的模板就能看出来网站类型。《<a href=\"http://www.yangqq.com/download/div/2017-09-08/789.html\">心蓝时间轴</a>》偏个人，《<a href=\"http://www.yangqq.com/download/div/2018-03-18/807.html\">绅士</a>》，《<a href=\"http://www.yangqq.com/download/div/2018-04-22/815.html\" target=\"_blank\">格调</a>》偏技术，资讯。《<a href=\"http://www.yangqq.com/download/div/2018-04-18/814.html\" target=\"_blank\">清雅</a>》，《<a href=\"http://www.yangqq.com/download/div/2017-07-16/785.html\" target=\"_blank\">水墨古典</a>》偏文艺。但也有对我防备心的，比如说付款方式，能不能走淘宝，这些我也能理解，但是有些吧，从一开始聊，感觉就不太好，理应就认为不应该收钱，收钱干嘛，到处都是免费的，听到这些，我也慢慢解释。其实他们并不了解我，了解我的网站，只要是从我博客来的，关注过一段时间的，都知道青姐的人品是咋样的。用&ldquo;心塞&rdquo;这个词，毫不为过吧。<br />\n<br />\n我做过的网站，每过一段时间，我都会一个个点击看看进展怎么样，个人博客，不像真实的面对面聊，更多的是文字的交流，不得不说有时候文字传达的信息更能了解一个人，甚至有心灵共鸣。我想我还会再重新做一个仅仅属于自己的个人博客，如果你也想要做一个博客，用来记录自己的家庭，工作，生活，或者讨女友欢心，不妨现在就开始吧！</p>\n','e2c7913050cf4ab9aa92902316aaf075',1,0,'ee98646f1d684fa4b74f4bff1e1c6f2d',1,'2018-09-27 15:14:27','2018-09-27 15:14:27',NULL,'1','陌溪_','蘑菇博客','2c93dfab0e754006866f8ed486923a41',1),('1caabfedccc44916aef97ea636470111','别让这些闹心的套路，毁了你的网页设计!',' 如图，要实现上图效果，我采用如下方法：1、首先在数据库模型，增加字段，分别是图片2，图片3。2、增加标签模板，用if，else if 来判断，输出。思路已打开，样式调用就可以多样化啦',' 如图，要实现上图效果，我采用如下方法：1、首先在数据库模型，增加字段，分别是图片2，图片3。2、增加标签模板，用if，else if 来判断，输出。思路已打开，样式调用就可以多样化啦','f90d3c2fd9434302951130e897a89164',1,0,'720cc8699ccb484caf1c20a477c66382',1,'2018-09-20 15:51:49','2018-09-20 15:51:49',NULL,'0','陌溪','蘑菇博客','2c93dfab0e754006866f8ed486923a41',0),('1caabfedccc44916aef97ea636470113','别让这些闹心的套路，毁了你的网页设计!',' 如图，要实现上图效果，我采用如下方法：1、首先在数据库模型，增加字段，分别是图片2，图片3。2、增加标签模板，用if，else if 来判断，输出。思路已打开，样式调用就可以多样化啦',' 如图，要实现上图效果，我采用如下方法：1、首先在数据库模型，增加字段，分别是图片2，图片3。2、增加标签模板，用if，else if 来判断，输出。思路已打开，样式调用就可以多样化啦','f90d3c2fd9434302951130e897a89164',1,0,'720cc8699ccb484caf1c20a477c66382',1,'2018-09-20 15:51:49','2018-09-20 15:51:49',NULL,'0','陌溪','蘑菇博客','2c93dfab0e754006866f8ed486923a41',0),('1caabfedccc44916aef97ea636470118','别让这些闹心的套路，毁了你的网页设计!',' 如图，要实现上图效果，我采用如下方法：1、首先在数据库模型，增加字段，分别是图片2，图片3。2、增加标签模板，用if，else if 来判断，输出。思路已打开，样式调用就可以多样化啦',' 如图，要实现上图效果，我采用如下方法：1、首先在数据库模型，增加字段，分别是图片2，图片3。2、增加标签模板，用if，else if 来判断，输出。思路已打开，样式调用就可以多样化啦','f90d3c2fd9434302951130e897a89164',1,0,'720cc8699ccb484caf1c20a477c66382',1,'2018-09-20 15:51:49','2018-09-20 15:51:49',NULL,'0','陌溪','蘑菇博客','2c93dfab0e754006866f8ed486923a41',0),('29d9d4f06d6c4fae9d226dd8d2e3bd41','别让这些闹心的套路，毁了你的网页设计!','别让这些闹心的套路，毁了你的网页设计!','别让这些闹心的套路，毁了你的网页设计!','e2c7913050cf4ab9aa92902316aaf075',1,0,'2cc77c9d08ee41f5a0339af5638d64f7',1,'2018-09-25 10:31:17','2018-09-25 10:31:17',NULL,'1','陌溪','蘑菇博客','2c93dfab0e754006866f8ed486923a41',0),('29d9d4f06d6c4fae9d226dd8d2e3bd43','别让这些闹心的套路，毁了你的网页设计!','别让这些闹心的套路，毁了你的网页设计!','别让这些闹心的套路，毁了你的网页设计!','e2c7913050cf4ab9aa92902316aaf075',1,0,'2cc77c9d08ee41f5a0339af5638d64f7',1,'2018-09-25 10:31:17','2018-09-25 10:31:17',NULL,'1','陌溪','蘑菇博客','2c93dfab0e754006866f8ed486923a41',0),('29d9d4f06d6c4fae9d226dd8d2e3bd4b','别让这些闹心的套路，毁了你的网页设计!','别让这些闹心的套路，毁了你的网页设计!','别让这些闹心的套路，毁了你的网页设计!','e2c7913050cf4ab9aa92902316aaf075',1,0,'2cc77c9d08ee41f5a0339af5638d64f7',1,'2018-09-25 10:31:17','2018-09-25 10:31:17',NULL,'1','陌溪','蘑菇博客','2c93dfab0e754006866f8ed486923a41',0),('3ec0629cd5d04ec095c7864542cbfb39','测试','null','<p>1、在github上的仓库建立一个存放图片的文件夹，文件夹名字随意。如：img-folder</p>\n\n<p>2、将需要在READNE.md中显示的图片，push到img-folder文件夹中。</p>\n\n<p>3、然后打开github官网，进入仓库的img-folder文件夹中，打开图片</p>\n\n<p>点击红框所示的按钮，copy地址。</p>\n\n<p><img src=\"https://img-blog.csdn.net/20150119224701447?watermark/2/text/aHR0cDovL2Jsb2cuY3Nkbi5uZXQvcGFueGlhbmd4aW5n/font/5a6L5L2T/fontsize/400/fill/I0JBQkFCMA==/dissolve/70/gravity/Center\" /></p>\n\n<p>4、在README.md中填入：</p>\n\n<p>![Image text](https://raw.github.com/yourName/repositpry/master/yourprojectName/img-folder/test.jpg)</p>\n\n<p>保存即可。</p>\n\n<p>注：![Image text]这个标识不可缺少，不然就显示文字了。</p>\n\n<p>Image text：指的是如果图片不存在了，要显示的文字说明。</p>\n\n<p>&nbsp;</p>\n','e2c7913050cf4ab9aa92902316aaf075',0,0,'829ad31089404f0eb52baa1a8e19705c',0,'2018-10-20 11:18:06','2018-10-20 11:18:06',NULL,'1','陌溪_','蘑菇博客','093d8bdd01c84890a928e923d5c235fe',0),('5354ece1473f408cad1847fe2d55c9a1','别让这些闹心的套路，毁了你的网页设计!',' 如图，要实现上图效果，我采用如下方法：1、首先在数据库模型，增加字段，分别是图片2，图片3。2、增加标签模板，用if，else if 来判断，输出。思路已打开，样式调用就可以多样化啦',' 如图，要实现上图效果，我采用如下方法：1、首先在数据库模型，增加字段，分别是图片2，图片3。2、增加标签模板，用if，else if 来判断，输出。思路已打开，样式调用就可以多样化啦','e2c7913050cf4ab9aa92902316aaf075',1,0,'95ebbd393dc9432a9d65ac0d7b35cd5c',1,'2018-09-20 16:42:16','2018-09-20 16:42:16',NULL,'0','陌溪_','嘻嘻嘻嘻','093d8bdd01c84890a928e923d5c235fe',0),('5354ece1473f408cad1847fe2d55c9a2','别让这些闹心的套路，毁了你的网页设计!',' 如图，要实现上图效果，我采用如下方法：1、首先在数据库模型，增加字段，分别是图片2，图片3。2、增加标签模板，用if，else if 来判断，输出。思路已打开，样式调用就可以多样化啦',' 如图，要实现上图效果，我采用如下方法：1、首先在数据库模型，增加字段，分别是图片2，图片3。2、增加标签模板，用if，else if 来判断，输出。思路已打开，样式调用就可以多样化啦','e2c7913050cf4ab9aa92902316aaf075',1,0,'95ebbd393dc9432a9d65ac0d7b35cd5c',1,'2018-09-20 16:42:16','2018-09-20 16:42:16',NULL,'0','陌溪_','嘻嘻嘻嘻','093d8bdd01c84890a928e923d5c235fe',0),('5354ece1473f408cad1847fe2d55c9a3','别让这些闹心的套路，毁了你的网页设计!',' 如图，要实现上图效果，我采用如下方法：1、首先在数据库模型，增加字段，分别是图片2，图片3。2、增加标签模板，用if，else if 来判断，输出。思路已打开，样式调用就可以多样化啦',' 如图，要实现上图效果，我采用如下方法：1、首先在数据库模型，增加字段，分别是图片2，图片3。2、增加标签模板，用if，else if 来判断，输出。思路已打开，样式调用就可以多样化啦','e2c7913050cf4ab9aa92902316aaf075',1,0,'95ebbd393dc9432a9d65ac0d7b35cd5c',1,'2018-09-20 16:42:16','2018-09-20 16:42:16',NULL,'0','陌溪_','嘻嘻嘻嘻','093d8bdd01c84890a928e923d5c235fe',0),('5821462bc29a4570ad80e87f3aa3f021','别让这些闹心的套路，毁了你的网页设计!',' 如图，要实现上图效果，我采用如下方法：1、首先在数据库模型，增加字段，分别是图片2，图片3。2、增加标签模板，用if，else if 来判断，输出。思路已打开，样式调用就可以多样化啦！...',' 如图，要实现上图效果，我采用如下方法：1、首先在数据库模型，增加字段，分别是图片2，图片3。2、增加标签模板，用if，else if 来判断，输出。思路已打开，样式调用就可以多样化啦！...','e2c7913050cf4ab9aa92902316aaf075',12,0,'ee98646f1d684fa4b74f4bff1e1c6f2d',1,'2018-09-20 14:47:53','2018-09-20 14:47:53',NULL,'0','陌溪_','蘑菇博客','2c93dfab0e754006866f8ed486923a41',0),('5821462bc29a4570ad80e87f3aa3f023','别让这些闹心的套路，毁了你的网页设计!',' 如图，要实现上图效果，我采用如下方法：1、首先在数据库模型，增加字段，分别是图片2，图片3。2、增加标签模板，用if，else if 来判断，输出。思路已打开，样式调用就可以多样化啦！...',' 如图，要实现上图效果，我采用如下方法：1、首先在数据库模型，增加字段，分别是图片2，图片3。2、增加标签模板，用if，else if 来判断，输出。思路已打开，样式调用就可以多样化啦！...','e2c7913050cf4ab9aa92902316aaf075',12,0,'ee98646f1d684fa4b74f4bff1e1c6f2d',1,'2018-09-20 14:47:53','2018-09-20 14:47:53',NULL,'0','陌溪_','蘑菇博客','2c93dfab0e754006866f8ed486923a41',0),('5821462bc29a4570ad80e87f3aa3f02d','别让这些闹心的套路，毁了你的网页设计!',' 如图，要实现上图效果，我采用如下方法：1、首先在数据库模型，增加字段，分别是图片2，图片3。2、增加标签模板，用if，else if 来判断，输出。思路已打开，样式调用就可以多样化啦！...',' 如图，要实现上图效果，我采用如下方法：1、首先在数据库模型，增加字段，分别是图片2，图片3。2、增加标签模板，用if，else if 来判断，输出。思路已打开，样式调用就可以多样化啦！...','e2c7913050cf4ab9aa92902316aaf075',12,0,'ee98646f1d684fa4b74f4bff1e1c6f2d',1,'2018-09-20 14:47:53','2018-09-20 14:47:53',NULL,'0','陌溪_','蘑菇博客','2c93dfab0e754006866f8ed486923a41',0),('6ed5e0d7081a415ab77d92c0bd991c57','测试','测试','<p>本文很长，记录了我博客建站初到现在的过程，还有我从毕业到现在的一个状态，感谢您的阅读，如果你还是学生，也许你能从此文中，找到我们曾经相似的地方。如果你已经工作，有自己的博客，我想，你并没有忘记当初建立个人博客的初衷吧！<br />\n<br />\n我的个人博客已经建站有8年的时间了，对它的热爱，一直都是只增未减。回想大学读书的那几年，那会儿非常流行QQ空间，我们寝室的室友还经常邀约去学校的网吧做自己的空间。系里有个男生，空间做得非常漂亮，什么悬浮，开场动画，音乐播放器，我们女生羡慕得不得了。还邀约他跟我们一起去通宵弄空间，网上可以找到很多免费的flash资源，还有音乐，那也是第一次接触js，知道在浏览器输入一个地址，修改一下数据，就能调用一些背景出来。然后把自己QQ空间弄得漂漂亮亮的，经常邀约室友来互踩。我记得08年地震，第二天晚上，我们寝室的几个人还淡定的在寝室装扮空间呢！<br />\n<br />\n<img alt=\"\" src=\"http://localhost:9527/static/img/bi01.6aa7b86.jpg\" /><br />\n<br />\n后来空间收费项目也多了，官方漏洞也修复了，加上临近毕业，又要忙着做毕业设计，就没再打理QQ空间。我知道现在的九零后，零零后，你们肯定没看过《一帘幽梦》，那会儿我也是疯狂追剧，喜欢上紫菱，喜欢上她的网站。想看看她的小世界，而我更想学着做一个她那样的网站。那会儿还天真的以为网上真的有她的网站，百度搜了好些天也没有。<br />\n<br />\n要毕业的时候，要交作业了，感觉自己什么都没学会。室友拉着我们去看了她同学做的网站，我们一个个佩服得五体投地，甚至觉得太不可思议了。有难度，又怕自己不会。老师教我们怎么布局，怎么做，并没有教我们右键保存网页。不知道是谁先会了这绝技，然后我们一个个又跟打了鸡血似的，疯狂在网上找网页，右键另存为。然后一个个修改文字，图片。仿佛又回到了那会儿做QQ空间那个时候。拿着copy来，并且精心修改的作品，递交了毕业设计，顺利结业。那会儿还是很蒙，一种云里雾里的感觉，竟有种不知道自己到底是会还是不会的感觉，也就是大家常说的毕业迷茫期。<br />\n<br />\n<img alt=\"\" src=\"http://localhost:9527/static/img/bi02.979b5e2.jpg\" /><br />\n<br />\n工作后进入社会，出去谈业务，遇到一个对网页设计超级感兴趣的人，聊了一下午都还不够，他是完全自学的，做了一个首页宣传他们的产品。他眼里的我就是专业的，总是请教我一些问题。其实我内心特羡慕人家，每次问我，我也似懂非懂的跟人家解决问题，但我还是经常靠百度来搜索他要的答案。他身上那种好学好问的那股劲儿，也成为我迫切想拥有自己的个人博客的一个重要原因。<br />\n<br />\n做博客不是说做就做的，很多东西我都不懂，也不知道要购买域名还有空间。前期要做的工作还是很多。幸好张园同学，也是我实习期的同事，他会这些，教我网上找免费的虚拟空间，然后就是把自己做的页面上传进去，还给了有一个地址，然后就能访问了。那是第一次接触，也了解了整个网站的制作过程，只可惜买域名还有空间需要费用，还在实习期的我，想想也就算了。虚拟空间毕竟是免费的，没多长时间，做过的网页就不能访问了，又得重新注册，重新上传。<br />\n<br />\n等自己有一些资金和技术后，我开始买域名和空间。从一开始，我就没想过只是练练手，或者用一段时间就行了。我会一直用下去，所以精心挑选了域名和空间。这些年除了域名没有更换外，后台程序由asp换成了php，空间从西部数据换成万网，也就是现在的阿里云。一步步升级，就想把最好的一面呈现给大家。很多人问我网站速度怎么访问那么快，其实一是网站程序，页面最好是静态页面。每次我写的代码的时候，我都在琢磨怎么减少代码，减少使用div和图片，让html结构简单化，而又不失美观。所以，网站也改版了有好几次。二是空间还有带宽。这个其实很重要，现在备案跟以前比，快很多了，快的话一星期，慢的话顶多二十天。所以，不是因为特着急的话，还是用国内空间。关于国外空间，其实现在阿里云的香港虚拟主机也不错，访问还是上传都比以前好很多了。用它的小伙伴也挺多。延伸阅读 《<a href=\"http://www.yangqq.com/jstt/web/2014-01-18/644.html\" target=\"_blank\">我的个人博客之&mdash;&mdash;阿里云空间选择</a>》<br />\n<br />\n<img alt=\"\" src=\"http://localhost:9527/static/img/bi03.f888f1f.jpg\" /><br />\n<br />\n个人博客，用来做什么？我刚开始就把它当做一个我吐槽心情的地方，也就相当于一个网络记事本，写上一些关于自己生活工作中的小情小事，也会放上一些照片，音乐。每天工作回家后就能访问自己的网站，一边听着音乐，一边写写文章。虽然访问人数少，我也不在乎这些，个人博客就好像我自己的一个日记本，来窥探的人多了，反而不自在了。因为博客，我还是交了不少朋友。我网站之前的logo就是网友给我设计的。<br />\n<br />\n后来，也是因为同学说百度搜不着我的个人博客，我才开始琢磨怎么把自己的博客排名提上去，放上去一些自己做过的模板，提供免费下载。页面以前也只有一个首页，当初我就是想着设计一个首页就行了，真正想学的人，一个页面足够了，其他页面，都靠自己设计。现在不同啦，近期版本我提供的模板都很全，实在是架不住人多都来问我怎么只有一个页面，虽然我已经在下载说明里面说得很清楚了。也就是提供了这样一些资源，我的个人博客也不再是一个只关乎自己的一个平台。曝光率越来越高，光天化日之下，哪敢放自己照片，写自己心情啊，于是乎，继续这样的模式吧，把自己写的模板放到网站上去。乐于分享，是能结交到很多朋友的。<br />\n<br />\n我的个人博客，在今年三月份之前是没有提供后台安装，调试这些服务的。其实一直都有人找我做个人博客，因为调试时间还有修改的问题，从上传到安装到修改调试，一般要四五个小时，我怕收费高，所以一直都是拒绝的。自从推出来《<a href=\"http://www.yangqq.com/download/div/2017-09-08/789.html\" target=\"_blank\">心蓝时间轴</a>》后，主动找我做网站的也多了，他们都说是我粉丝，喜欢我的模板，所以我在模板下面写了付费说明，我的个人博客也开始有了付费项目。<br />\n<br />\n<img alt=\"\" src=\"http://localhost:9527/static/img/bi06.9e798fa.jpg\" /><br />\n<br />\n我接到的第一单，是一位父亲，想给自家的宝贝建立一个博客。他说他想买一个域名，谈了好几天，最终花了8000多购买到，我挺敬佩他的，对孩子的爱，毫不吝啬。域名固然重要，其实我想说坚持用博客来记录宝贝成长点滴，才是最有价值的。第二单是一个阅读网站，从加他到跟他聊，看他朋友圈，很有才气的一个人，也相当有爱心，他的网站大部分是分享给一些爱好阅读的长者。还有些就是技术类的站长，做资讯，做旅游，做推广的。通常，从选的模板就能看出来网站类型。《<a href=\"http://www.yangqq.com/download/div/2017-09-08/789.html\">心蓝时间轴</a>》偏个人，《<a href=\"http://www.yangqq.com/download/div/2018-03-18/807.html\">绅士</a>》，《<a href=\"http://www.yangqq.com/download/div/2018-04-22/815.html\" target=\"_blank\">格调</a>》偏技术，资讯。《<a href=\"http://www.yangqq.com/download/div/2018-04-18/814.html\" target=\"_blank\">清雅</a>》，《<a href=\"http://www.yangqq.com/download/div/2017-07-16/785.html\" target=\"_blank\">水墨古典</a>》偏文艺。但也有对我防备心的，比如说付款方式，能不能走淘宝，这些我也能理解，但是有些吧，从一开始聊，感觉就不太好，理应就认为不应该收钱，收钱干嘛，到处都是免费的，听到这些，我也慢慢解释。其实他们并不了解我，了解我的网站，只要是从我博客来的，关注过一段时间的，都知道青姐的人品是咋样的。用&ldquo;心塞&rdquo;这个词，毫不为过吧。<br />\n<br />\n我做过的网站，每过一段时间，我都会一个个点击看看进展怎么样，个人博客，不像真实的面对面聊，更多的是文字的交流，不得不说有时候文字传达的信息更能了解一个人，甚至有心灵共鸣。我想我还会再重新做一个仅仅属于自己的个人博客，如果你也想要做一个博客，用来记录自己的家庭，工作，生活，或者讨女友欢心，不妨现在就开始吧！</p>\n','a9a747d944c24845815356f72723ef8e',1,0,'82f9380f765044edadbe7ab3e441b51b',0,'2018-09-27 15:24:46','2018-09-27 15:24:46',NULL,'1','陌溪_','蘑菇博客','093d8bdd01c84890a928e923d5c235fe',1),('cc6f6e977a494ad69e88043e6a5a24b1','别让这些闹心的套路，毁了你的网页设计!','别让这些闹心的套路，毁了你的网页设计!','<p>别让这些闹心的套路，毁了你的网页设计!</p>\n','ca928e8718654aa5a802e2f69277b137',1,0,'dde8800dd17c4b8c9de9169fbb0a49f9',1,'2018-09-25 10:33:27','2018-09-25 10:33:27',NULL,'1','陌溪','蘑菇博客','093d8bdd01c84890a928e923d5c235fe',4),('cc6f6e977a494ad69e88043e6a5a24b3','别让这些闹心的套路，毁了你的网页设计!','别让这些闹心的套路，毁了你的网页设计!','<p>别让这些闹心的套路，毁了你的网页设计!</p>\n','ca928e8718654aa5a802e2f69277b137',1,0,'dde8800dd17c4b8c9de9169fbb0a49f9,35e191c4bfcd45bca64d3b21533ca6b6',1,'2018-09-25 10:33:27','2018-09-25 10:33:27',NULL,'1','陌溪','蘑菇博客','093d8bdd01c84890a928e923d5c235fe',4),('cc6f6e977a494ad69e88043e6a5a24bc','别让这些闹心的套路，毁了你的网页设计!','别让这些闹心的套路，毁了你的网页设计!','<p>别让这些闹心的套路，毁了你的网页设计!</p>\n','ca928e8718654aa5a802e2f69277b137',1,0,'ee98646f1d684fa4b74f4bff1e1c6f2d',1,'2018-09-25 10:33:27','2018-09-25 10:33:27',NULL,'1','陌溪','蘑菇博客','093d8bdd01c84890a928e923d5c235fe',1),('f9284ed96d874a47a2a641a0f2735b8f','测试','null','<p>测试</p>\n','e2c7913050cf4ab9aa92902316aaf075',0,0,'null',0,'2018-10-20 11:17:26','2018-10-20 11:17:26',NULL,'1','null','蘑菇博客','093d8bdd01c84890a928e923d5c235fe',0);

/*Table structure for table `t_blog_sort` */

DROP TABLE IF EXISTS `t_blog_sort`;

CREATE TABLE `t_blog_sort` (
  `uid` varchar(32) NOT NULL COMMENT '唯一uid',
  `sort_name` varchar(255) DEFAULT NULL COMMENT '分类内容',
  `content` varchar(255) DEFAULT NULL COMMENT '分类简介',
  `create_time` timestamp NOT NULL DEFAULT '0000-00-00 00:00:00' COMMENT '创建时间',
  `update_time` timestamp NOT NULL DEFAULT '0000-00-00 00:00:00' COMMENT '更新时间',
  `status` tinyint(1) unsigned NOT NULL DEFAULT '1' COMMENT '状态',
  PRIMARY KEY (`uid`)
) ENGINE=InnoDB DEFAULT CHARSET=utf8 COMMENT='博客分类表';

/*Data for the table `t_blog_sort` */

insert  into `t_blog_sort`(`uid`,`sort_name`,`content`,`create_time`,`update_time`,`status`) values ('093d8bdd01c84890a928e923d5c235fe','时光轴','时光飞逝，机会就在我们眼前，何时找到了灵感，就要把握机遇，我们需要智慧和勇气去把握机会','2018-09-24 17:14:59','2018-09-24 17:14:59',1),('2c93dfab0e754006866f8ed486923a41','慢生活','慢生活，不是懒惰，放慢速度不是拖延时间，而是让我们在生活中寻找到平衡','2018-09-24 16:29:33','2018-09-24 16:29:33',1);

/*Table structure for table `t_collect` */

DROP TABLE IF EXISTS `t_collect`;

CREATE TABLE `t_collect` (
  `uid` varchar(32) NOT NULL COMMENT '唯一uid',
  `user_uid` varchar(32) NOT NULL COMMENT '用户的uid',
  `blog_uid` varchar(32) NOT NULL COMMENT '博客的uid',
  `status` tinyint(1) unsigned NOT NULL DEFAULT '1' COMMENT '状态',
  `create_time` timestamp NOT NULL DEFAULT '0000-00-00 00:00:00' COMMENT '创建时间',
  `update_time` timestamp NOT NULL DEFAULT '0000-00-00 00:00:00' COMMENT '更新时间',
  PRIMARY KEY (`uid`)
) ENGINE=InnoDB DEFAULT CHARSET=utf8 COMMENT='收藏表';

/*Data for the table `t_collect` */

/*Table structure for table `t_comment` */

DROP TABLE IF EXISTS `t_comment`;

CREATE TABLE `t_comment` (
  `uid` varchar(32) NOT NULL COMMENT '唯一uid',
  `user_uid` varchar(32) DEFAULT NULL COMMENT '用户uid',
  `to_uid` varchar(32) DEFAULT NULL COMMENT '回复某条评论的uid',
  `to_user_uid` varchar(32) DEFAULT NULL COMMENT '回复某个人的uid',
  `user_name` varchar(255) DEFAULT NULL COMMENT '用户名',
  `content` varchar(1000) DEFAULT NULL COMMENT '评论内容',
  `blog_uid` varchar(32) DEFAULT NULL COMMENT '博客uid',
  `status` tinyint(1) unsigned NOT NULL DEFAULT '1' COMMENT '状态',
  `create_time` timestamp NOT NULL DEFAULT '0000-00-00 00:00:00' COMMENT '创建时间',
  `update_time` timestamp NOT NULL DEFAULT '0000-00-00 00:00:00' COMMENT '更新时间',
  PRIMARY KEY (`uid`)
) ENGINE=InnoDB DEFAULT CHARSET=utf8 COMMENT='评论表';

/*Data for the table `t_comment` */

insert  into `t_comment`(`uid`,`user_uid`,`to_uid`,`to_user_uid`,`user_name`,`content`,`blog_uid`,`status`,`create_time`,`update_time`) values ('0500ba8e97b34528ae18c18616cf93e7','093d8bdd01c84890a928e923d5c235fe',NULL,NULL,'你好','编辑测试博客','093d8bdd01c84890a928e923d5c235fe',1,'2018-10-13 16:35:30','2018-10-13 16:35:30');

/*Table structure for table `t_feedback` */

DROP TABLE IF EXISTS `t_feedback`;

CREATE TABLE `t_feedback` (
  `uid` varchar(32) NOT NULL COMMENT '唯一uid',
  `user_uid` varchar(32) NOT NULL COMMENT '用户uid',
  `content` varchar(1000) DEFAULT NULL COMMENT '反馈的内容',
  `status` tinyint(1) unsigned NOT NULL DEFAULT '1' COMMENT '状态',
  `create_time` timestamp NOT NULL DEFAULT '0000-00-00 00:00:00' COMMENT '创建时间',
  `update_time` timestamp NOT NULL DEFAULT '0000-00-00 00:00:00' COMMENT '更新时间',
  PRIMARY KEY (`uid`)
) ENGINE=InnoDB DEFAULT CHARSET=utf8 COMMENT='反馈表';

/*Data for the table `t_feedback` */

/*Table structure for table `t_link` */

DROP TABLE IF EXISTS `t_link`;

CREATE TABLE `t_link` (
  `uid` varchar(32) NOT NULL COMMENT '唯一uid',
  `title` varchar(255) DEFAULT NULL COMMENT '友情链接标题',
  `summary` varchar(255) DEFAULT NULL COMMENT '友情链接介绍',
  `url` varchar(255) DEFAULT NULL COMMENT '友情链接URL',
  `click_count` int(11) DEFAULT '0' COMMENT '点击数',
  `create_time` timestamp NOT NULL DEFAULT '0000-00-00 00:00:00' COMMENT '创建时间',
  `update_time` timestamp NOT NULL DEFAULT '0000-00-00 00:00:00' COMMENT '更新时间',
  `status` tinyint(1) unsigned NOT NULL DEFAULT '1' COMMENT '状态',
  PRIMARY KEY (`uid`)
) ENGINE=InnoDB DEFAULT CHARSET=utf8 COMMENT='友情链接表';

/*Data for the table `t_link` */

insert  into `t_link`(`uid`,`title`,`summary`,`url`,`click_count`,`create_time`,`update_time`,`status`) values ('bb418e0a9d27490bb71972bd8da5afa6','IT大本营','IT大本营 - 专注于技术分享的开发者社区','http://www.itarea.cn/',1,'2018-09-26 13:55:33','2018-09-26 13:55:33',1),('dcc01149be71492dabd55821c22f6061','Mybatis-plus','MyBatis-Plus 为简化开发而生','http://mp.baomidou.com/',1,'2018-09-26 18:52:58','2018-09-26 18:52:58',1);

/*Table structure for table `t_permission` */

DROP TABLE IF EXISTS `t_permission`;

CREATE TABLE `t_permission` (
  `uid` varchar(32) NOT NULL COMMENT '权限id',
  `name` varchar(255) NOT NULL COMMENT '权限名',
  `url` varchar(255) DEFAULT NULL COMMENT '权限url',
  `pid` varchar(255) NOT NULL COMMENT '父节点id',
  `creat_time` timestamp NOT NULL DEFAULT CURRENT_TIMESTAMP COMMENT '创建时间',
  `update_time` timestamp NOT NULL DEFAULT '0000-00-00 00:00:00' COMMENT '更新时间',
  `status` tinyint(1) unsigned NOT NULL DEFAULT '1' COMMENT '状态',
  PRIMARY KEY (`uid`)
) ENGINE=InnoDB DEFAULT CHARSET=utf8;

/*Data for the table `t_permission` */

/*Table structure for table `t_picture` */

DROP TABLE IF EXISTS `t_picture`;

CREATE TABLE `t_picture` (
  `uid` varchar(32) NOT NULL COMMENT '唯一uid',
  `file_uid` varchar(32) DEFAULT NULL COMMENT '图片uid',
  `pic_name` varchar(255) DEFAULT NULL COMMENT '图片名',
  `picture_sort_uid` varchar(32) DEFAULT NULL COMMENT '分类uid',
  `status` tinyint(1) unsigned NOT NULL DEFAULT '1' COMMENT '状态',
  `create_time` timestamp NOT NULL DEFAULT '0000-00-00 00:00:00' COMMENT '创建时间',
  `update_time` timestamp NOT NULL DEFAULT '0000-00-00 00:00:00' COMMENT '更新时间',
  PRIMARY KEY (`uid`)
) ENGINE=InnoDB DEFAULT CHARSET=utf8 COMMENT='图片表';

/*Data for the table `t_picture` */

insert  into `t_picture`(`uid`,`file_uid`,`pic_name`,`picture_sort_uid`,`status`,`create_time`,`update_time`) values ('00e828df0a2046b59e303754770912e3','e70306aa4b2f47918a3d20643a242de5',NULL,'8585745c71a34a3688d5cf722e005cea',1,'2018-10-21 10:07:34','2018-10-21 10:07:34'),('05a35691c38f4879a910912e6c248562','d87dd2f6ab4f4091b9da4778b8563a13',NULL,'5a281aa35fa9408bb07c2fc9a990701f',1,'2018-09-23 15:01:19','2018-09-23 15:01:19'),('062a3754db6a49f6984be4c566a56bb7','2508670a57b54a5b8f66dd7547d52cd1',NULL,'48233835d29846e488442b58b5dfb2f2',1,'2018-10-21 10:04:37','2018-10-21 10:04:37'),('073752b5ccae435b97732a2417f29221','de7d864ef19c4f56b8e7d7ecb59c2145',NULL,'fd160e2525284d378a52fa8b6b7bdbb3',1,'2018-10-21 10:06:23','2018-10-21 10:06:23'),('0c062009b6a540819af91c69454e7ec6','7b9bae295683483887b86f8a00981992',NULL,'8585745c71a34a3688d5cf722e005cea',1,'2018-10-21 10:07:34','2018-10-21 10:07:34'),('0c66a59bcf684b03a9966b7e7dc98404','3fba09a1eb90422db15a88d0b87f561d',NULL,'48233835d29846e488442b58b5dfb2f2',1,'2018-10-21 10:04:37','2018-10-21 10:04:37'),('10174522814c45e7b254d1da404d483d','371c9ed84b5f42bfa329dbbf4bcff917',NULL,'0927c1e18a8c4677b1cce28c17bf0382',1,'2018-10-21 09:49:33','2018-10-21 09:49:33'),('10bd233f79e84b028eae47f1e75520a3','44704768e62f48bb9a04ae1cac453dd8',NULL,'8585745c71a34a3688d5cf722e005cea',1,'2018-10-21 10:07:34','2018-10-21 10:07:34'),('135f9158eaa744ddbd90efe4c4b2f73e','2cc77c9d08ee41f5a0339af5638d64f7',NULL,'dd6728afaec34b64a12f560ca9931a7b',1,'2018-09-25 09:26:53','2018-09-25 09:26:53'),('17b9d1d3e42b4c92ac0a1f92230c3c4e','82f9380f765044edadbe7ab3e441b51b',NULL,'dd6728afaec34b64a12f560ca9931a7b',1,'2018-09-25 09:26:53','2018-09-25 09:26:53'),('195830ef90c14d4ebd7cff6cea49f632','6c1d188385324101beb231806002d4f2',NULL,'48233835d29846e488442b58b5dfb2f2',1,'2018-10-21 10:04:37','2018-10-21 10:04:37'),('1b1ef03a754940d4a12b8200744173b3','1a3dcc42f0064935b00c02cf5f41c50f',NULL,'f321114dc2014bb68ac4091fd90f64c1',1,'2018-10-21 10:05:46','2018-10-21 10:05:46'),('1c137ad738794375a914261173b44e60','290a1ee600ce40908604b3a5f7dfe57a',NULL,'dd6728afaec34b64a12f560ca9931a7b',1,'2018-09-25 09:26:53','2018-09-25 09:26:53'),('1cd2057fc532452bbe915e6330c7eae9','989e2c76be4446d1862adcb1364fdc9b',NULL,'8585745c71a34a3688d5cf722e005cea',1,'2018-10-21 10:07:34','2018-10-21 10:07:34'),('29d9567f9ad24c598b40f3e4d1560280','829ad31089404f0eb52baa1a8e19705c',NULL,'dd6728afaec34b64a12f560ca9931a7b',1,'2018-09-25 09:26:53','2018-09-25 09:26:53'),('2acdb5609acc4a5e928f058ef11017d6','fc40260e4fda4e99a4c7a32635f4dc15',NULL,'fd160e2525284d378a52fa8b6b7bdbb3',1,'2018-10-21 10:06:23','2018-10-21 10:06:23'),('318270a1f4ed49faa297d3ab1290b90e','ebdf95a75bd54e6ab356b69829b44518',NULL,'48233835d29846e488442b58b5dfb2f2',1,'2018-10-21 10:04:37','2018-10-21 10:04:37'),('322b3bee3cad4768b7afd8a2b5febffb','753c685dae1b470d989eb804ad0f6176',NULL,'499ce9cee1aa4f148e9bff9a72c8db01',1,'2018-10-21 10:07:00','2018-10-21 10:07:00'),('34c16987d5e9476fa08c0001596cd75e','bf4f61f6599f48dda9ecf4a5149410e5',NULL,'48233835d29846e488442b58b5dfb2f2',1,'2018-10-21 10:04:37','2018-10-21 10:04:37'),('34c1f81a8151493eb3d4705bbfa12533','9593eb7803bd4fb49354582ee13061fa',NULL,'5a281aa35fa9408bb07c2fc9a990701f',1,'2018-09-23 15:01:19','2018-09-23 15:01:19'),('353aee6465bf452bbffdb06b625c7b98','95ebbd393dc9432a9d65ac0d7b35cd5c',NULL,'dd6728afaec34b64a12f560ca9931a7b',1,'2018-09-25 09:26:53','2018-09-25 09:26:53'),('3adc46413b394ab7a8715dd068176457','282f7a1ae2594c09b296daaa961313e3',NULL,'48233835d29846e488442b58b5dfb2f2',1,'2018-10-21 10:04:37','2018-10-21 10:04:37'),('3fda6f00e03e4bfda236e059edbd0e1d','287184b3636048fe94204c02a92280b0',NULL,'5a281aa35fa9408bb07c2fc9a990701f',1,'2018-09-23 15:01:18','2018-09-23 15:01:18'),('419969ae945347128a37c44c7f57510b','018f9739272944dbb32c251373b0744a',NULL,'f321114dc2014bb68ac4091fd90f64c1',1,'2018-10-21 10:05:46','2018-10-21 10:05:46'),('4667aaa4a9ab44859f92e5a9e72a4997','c24f64850d024d24974b3b9cfe2e3a93',NULL,'499ce9cee1aa4f148e9bff9a72c8db01',1,'2018-10-21 10:07:00','2018-10-21 10:07:00'),('4ad6299e44da46379334b0340c1c68de','f53193072c5e493090f4b09358ce8e55',NULL,'5a281aa35fa9408bb07c2fc9a990701f',1,'2018-09-23 15:01:38','2018-09-23 15:01:38'),('4e54c819256b4fe2b6f329e815e2f31d','a784b4b5178c468f995fab0405260bd4',NULL,'f321114dc2014bb68ac4091fd90f64c1',1,'2018-10-21 10:05:46','2018-10-21 10:05:46'),('4fde58bce6d14f1da81f00305d0fe742','d0808356e0cc4ea29ce56f261e1956e6',NULL,'48233835d29846e488442b58b5dfb2f2',1,'2018-10-21 10:04:37','2018-10-21 10:04:37'),('50cf276f1f6444f790faae8efb9c1814','a0ac7e9232f248259f4feb1a120f6b39',NULL,'5a281aa35fa9408bb07c2fc9a990701f',1,'2018-09-23 09:31:17','2018-09-23 09:31:17'),('538d3a9c8bc441edb99577c51fc601ea','bd56ecbcf182401995400376d33f2354',NULL,'dd6728afaec34b64a12f560ca9931a7b',0,'2018-09-28 21:40:00','2018-09-28 21:40:00'),('5548a49daade4885b4c1128ec148ed80','ffa3f48765d24d29a7600999639ed607',NULL,'b18b2c15648342b78715d33fd956bb95',1,'2018-10-21 10:08:11','2018-10-21 10:08:11'),('5fbd4b7eef264583a86de8fdd7db77c6','b9a667d581a84f1ea17f80450f92be4b',NULL,'5a281aa35fa9408bb07c2fc9a990701f',1,'2018-09-23 15:01:38','2018-09-23 15:01:38'),('629e2919e7dc4d5dad481f1286d01699','d44135761c504fe1bf3663a056656595',NULL,'5a281aa35fa9408bb07c2fc9a990701f',1,'2018-09-23 15:01:19','2018-09-23 15:01:19'),('663edc505d2e47c48d6dde32f8f6abbe','50ffa793ddf3475d9e2fff29f258f6a3',NULL,'499ce9cee1aa4f148e9bff9a72c8db01',1,'2018-10-21 10:07:00','2018-10-21 10:07:00'),('66c3a2df20c7433194ec8382f7034bec','eea2f4a2e73548a5af1b9380d858333c',NULL,'0927c1e18a8c4677b1cce28c17bf0382',1,'2018-10-21 09:49:33','2018-10-21 09:49:33'),('6cbf25e03a0c421aa06c4fd30c8ac2fc','9e071786d3a74b919563a40c215c87eb',NULL,'dd6728afaec34b64a12f560ca9931a7b',0,'2018-09-28 20:33:26','2018-09-28 20:33:26'),('6fcef4568c9745559520c1194936be27','02a90e16c9bb4dd8a46190699f64af66',NULL,'5a281aa35fa9408bb07c2fc9a990701f',1,'2018-09-23 15:01:18','2018-09-23 15:01:18'),('705b5f8f6f8a4ab782bad5553bada2d8','992f8c34af46443984a05f1a10b36709',NULL,'5a281aa35fa9408bb07c2fc9a990701f',1,'2018-09-23 15:01:19','2018-09-23 15:01:19'),('708b43bbf8504121911ffc768799584a','edbc7e3c0f9d443da15d650c2ef2f96f',NULL,'dd6728afaec34b64a12f560ca9931a7b',0,'2018-09-23 16:39:13','2018-09-23 16:39:13'),('729d7de164954d32aa10d8c2f32ffc2d','4addade94eab49d9b3b13e120d593c82',NULL,'fd160e2525284d378a52fa8b6b7bdbb3',1,'2018-10-21 10:06:23','2018-10-21 10:06:23'),('73f234bc8e8c4ccf8f689cc83638ec6b','ee98646f1d684fa4b74f4bff1e1c6f2d',NULL,'dd6728afaec34b64a12f560ca9931a7b',1,'2018-09-25 09:26:53','2018-09-25 09:26:53'),('7e0d397d14974be0afc52def430cc453','12b7a1a3645a495995fe0b792f9a6fa5',NULL,'f321114dc2014bb68ac4091fd90f64c1',1,'2018-10-21 10:05:46','2018-10-21 10:05:46'),('81921a9f29994a0ca2c8f1b7ed6e49cd','00d0f924c8ba4f69b088e18e260c9bae',NULL,'499ce9cee1aa4f148e9bff9a72c8db01',1,'2018-10-21 10:07:00','2018-10-21 10:07:00'),('81a4621453f9427698c12a14740fb627','a76a5367198c4be48b508559ac934af5',NULL,'499ce9cee1aa4f148e9bff9a72c8db01',1,'2018-10-21 10:07:00','2018-10-21 10:07:00'),('82e9e38d8e2b4a038a23ce5ee09055c3','7dde5a06b272440ca0948d1f0fddd0d9',NULL,'5a281aa35fa9408bb07c2fc9a990701f',1,'2018-09-23 11:10:35','2018-09-23 11:10:35'),('8a2e4ce1440f42dc9349986010c813e4','53afd10389564f75afa4cf6bde141037',NULL,'48233835d29846e488442b58b5dfb2f2',1,'2018-10-21 10:04:37','2018-10-21 10:04:37'),('8c2c1c450b35471385d26aab9283228f','76a78fa08e4f450ea212731057a7ccac',NULL,'5a281aa35fa9408bb07c2fc9a990701f',1,'2018-09-23 15:01:38','2018-09-23 15:01:38'),('905492d4e2dd451c8530d0302d76b79d','166280b6769e43b6ae8a2cd461609d8b',NULL,'b18b2c15648342b78715d33fd956bb95',1,'2018-10-21 10:08:11','2018-10-21 10:08:11'),('aa82496ce1594a6a95503a1915a0c4ea','35e191c4bfcd45bca64d3b21533ca6b6',NULL,'dd6728afaec34b64a12f560ca9931a7b',1,'2018-09-25 09:26:53','2018-09-25 09:26:53'),('b6f231545b154b32b1dcea4e300f2d74','832b4c6545fa40e183154b459ff254fa',NULL,'fd160e2525284d378a52fa8b6b7bdbb3',1,'2018-10-21 10:06:23','2018-10-21 10:06:23'),('bc1b8310c300417a876abde93fcdcbad','de4191efd16248ec878e5a1f027e45b9',NULL,'f321114dc2014bb68ac4091fd90f64c1',1,'2018-10-21 10:05:46','2018-10-21 10:05:46'),('bc2766f77fe9405fb277ffbe8941b023','53ef0429cf344599b10bba893f005785',NULL,'8585745c71a34a3688d5cf722e005cea',1,'2018-10-21 10:07:35','2018-10-21 10:07:35'),('be4d94fb88d94cef9a553432966b7d9c','1c91acdaa1cf4fe2a7f5b8e5ace01397',NULL,'5a281aa35fa9408bb07c2fc9a990701f',1,'2018-09-23 15:01:18','2018-09-23 15:01:18'),('ccac3437e63845a79960f0e82ba2ee67','dde8800dd17c4b8c9de9169fbb0a49f9',NULL,'dd6728afaec34b64a12f560ca9931a7b',1,'2018-09-25 09:26:53','2018-09-25 09:26:53'),('ccd21410f6c54c2ea6af4d8346dece12','8f1b96ca6c844882858efca25923a62c',NULL,'b18b2c15648342b78715d33fd956bb95',1,'2018-10-21 10:08:11','2018-10-21 10:08:11'),('ce39bc4088e441f789e54282c2a5bd3e','4f016786d65a4abe83cb12b14a576948',NULL,'f321114dc2014bb68ac4091fd90f64c1',1,'2018-10-21 10:05:45','2018-10-21 10:05:45'),('d25f54d726fa4d1f86c61cd7ef1d6b3b','ebb8f56a177f4ed89c9020b43610fd6e',NULL,'0927c1e18a8c4677b1cce28c17bf0382',1,'2018-10-21 09:49:33','2018-10-21 09:49:33'),('d745f3a531414826a1efd8173962b938','244a1dfd59a7417e8ca2bf9116416036',NULL,'499ce9cee1aa4f148e9bff9a72c8db01',1,'2018-10-21 10:07:00','2018-10-21 10:07:00'),('d8d7101d96694b84813e6330b3434f70','8b58a57f7e8e4cc7809e3cd89d1c1baa',NULL,'fd160e2525284d378a52fa8b6b7bdbb3',1,'2018-10-21 10:06:23','2018-10-21 10:06:23'),('dda0b79baa804fa88892d2f0f39eff47','c8c2f27b849c43c8885ac54be365ee39',NULL,'48233835d29846e488442b58b5dfb2f2',1,'2018-10-21 10:04:37','2018-10-21 10:04:37'),('e158ed59fe7c4853b375a2543e2475c6','9fc5970c50644c67bc78cae11e3081b2',NULL,'48233835d29846e488442b58b5dfb2f2',1,'2018-10-21 10:04:37','2018-10-21 10:04:37'),('efb13d17c0684f2c96194694d36e375b','0984affc6e27417b92e783c70cf8d5d4',NULL,'48233835d29846e488442b58b5dfb2f2',1,'2018-10-21 10:04:37','2018-10-21 10:04:37'),('f2b8a1a8680b4c969e30ad94834091bb','2ca46ddff5cd48c296b4f81dab924065',NULL,'f321114dc2014bb68ac4091fd90f64c1',1,'2018-10-21 10:05:45','2018-10-21 10:05:45'),('f2ca2412198140d8abe58111bb1b724c','43219d4f19244fc099a543d20e0d1b99',NULL,'f321114dc2014bb68ac4091fd90f64c1',1,'2018-10-21 10:05:46','2018-10-21 10:05:46'),('f6f232430b9f49c29b2f9c58b75b33fb','20b89e41ae80455cb245234f7b1649ce',NULL,'dd6728afaec34b64a12f560ca9931a7b',0,'2018-09-23 15:49:27','2018-09-23 15:49:27'),('fa1da71187d1424da12c597e1a6dd304','e06331bc9fff4a7186439f2a34c199af',NULL,'b18b2c15648342b78715d33fd956bb95',1,'2018-10-21 10:08:11','2018-10-21 10:08:11'),('fce5181823fa4839adfad3829da41fea','6b61d3c6c9c24888bc6c787b8488a378',NULL,'fd160e2525284d378a52fa8b6b7bdbb3',1,'2018-10-21 10:06:23','2018-10-21 10:06:23'),('fd0e4b07046d4ded955f87e0b29ee250','720cc8699ccb484caf1c20a477c66382',NULL,'dd6728afaec34b64a12f560ca9931a7b',1,'2018-09-25 09:26:53','2018-09-25 09:26:53');

/*Table structure for table `t_picture_sort` */

DROP TABLE IF EXISTS `t_picture_sort`;

CREATE TABLE `t_picture_sort` (
  `uid` varchar(32) NOT NULL COMMENT '唯一uid',
  `file_uid` varchar(32) DEFAULT NULL COMMENT '分类图片uid',
  `name` varchar(255) DEFAULT NULL COMMENT '分类名',
  `status` tinyint(1) unsigned NOT NULL DEFAULT '1' COMMENT '状态',
  `create_time` timestamp NOT NULL DEFAULT '0000-00-00 00:00:00' COMMENT '创建时间',
  `update_time` timestamp NOT NULL DEFAULT '0000-00-00 00:00:00' COMMENT '更新时间',
  `parent_uid` varchar(32) DEFAULT NULL,
  PRIMARY KEY (`uid`)
) ENGINE=InnoDB DEFAULT CHARSET=utf8 COMMENT='图片分类表';

/*Data for the table `t_picture_sort` */

insert  into `t_picture_sort`(`uid`,`file_uid`,`name`,`status`,`create_time`,`update_time`,`parent_uid`) values ('0927c1e18a8c4677b1cce28c17bf0382','371c9ed84b5f42bfa329dbbf4bcff917','Java图标',1,'2018-10-21 09:49:20','2018-10-21 09:49:20',NULL),('48233835d29846e488442b58b5dfb2f2','6c1d188385324101beb231806002d4f2','Spring',1,'2018-10-21 10:04:26','2018-10-21 10:04:26',NULL),('499ce9cee1aa4f148e9bff9a72c8db01','244a1dfd59a7417e8ca2bf9116416036','JQuery',1,'2018-10-21 10:06:49','2018-10-21 10:06:49',NULL),('5a281aa35fa9408bb07c2fc9a990701f','290a1ee600ce40908604b3a5f7dfe57a','用户头像',0,'2018-09-20 20:04:47','2018-09-20 20:04:47',NULL),('8585745c71a34a3688d5cf722e005cea','989e2c76be4446d1862adcb1364fdc9b','VUE',1,'2018-10-21 10:07:24','2018-10-21 10:07:24',NULL),('b18b2c15648342b78715d33fd956bb95','e06331bc9fff4a7186439f2a34c199af','Mysql',1,'2018-10-21 10:07:59','2018-10-21 10:07:59',NULL),('dd6728afaec34b64a12f560ca9931a7b','35e191c4bfcd45bca64d3b21533ca6b6','博客封面图',1,'2018-09-20 19:34:40','2018-09-20 19:34:40',NULL),('f321114dc2014bb68ac4091fd90f64c1','2ca46ddff5cd48c296b4f81dab924065','HTML+CSS',1,'2018-10-21 10:05:24','2018-10-21 10:05:24',NULL),('fd160e2525284d378a52fa8b6b7bdbb3','832b4c6545fa40e183154b459ff254fa','JavaScript',1,'2018-10-21 10:06:13','2018-10-21 10:06:13',NULL);

/*Table structure for table `t_resource_sort` */

DROP TABLE IF EXISTS `t_resource_sort`;

CREATE TABLE `t_resource_sort` (
  `uid` varchar(32) NOT NULL COMMENT '唯一uid',
  `file_uid` varchar(32) DEFAULT NULL COMMENT '分类图片uid',
  `sort_name` varchar(255) DEFAULT NULL COMMENT '分类名',
  `content` varchar(255) DEFAULT NULL COMMENT '分类介绍',
  `click_count` varchar(255) DEFAULT NULL COMMENT '点击数',
  `status` tinyint(1) unsigned NOT NULL DEFAULT '1' COMMENT '状态',
  `create_time` timestamp NOT NULL DEFAULT '0000-00-00 00:00:00' COMMENT '创建时间',
  `update_time` timestamp NOT NULL DEFAULT '0000-00-00 00:00:00' COMMENT '更新时间',
  `parent_uid` varchar(32) DEFAULT NULL,
  PRIMARY KEY (`uid`)
) ENGINE=InnoDB DEFAULT CHARSET=utf8 COMMENT='资源分类表';

/*Data for the table `t_resource_sort` */

insert  into `t_resource_sort`(`uid`,`file_uid`,`sort_name`,`content`,`click_count`,`status`,`create_time`,`update_time`,`parent_uid`) values ('232de7c82bac472aa90a122dd7e62ca0','4addade94eab49d9b3b13e120d593c82','JavaScript','JavaScript',NULL,1,'2018-10-21 10:26:35','2018-10-21 10:26:35',NULL),('2aa2b0f2402643c0a11bdf00b8fda94d','e06331bc9fff4a7186439f2a34c199af','Mysql','Mysql',NULL,1,'2018-10-21 10:18:34','2018-10-21 10:18:34',NULL),('2f05ae3ee71f40efab6fa419a12ca560','282f7a1ae2594c09b296daaa961313e3','Spring','Java学习资源',NULL,1,'2018-10-20 11:42:43','2018-10-20 11:42:43',NULL),('4cd13528dc634f26813548cf3bf0dcea','371c9ed84b5f42bfa329dbbf4bcff917','Java','java干货',NULL,1,'2018-10-20 11:46:22','2018-10-20 11:46:22',NULL),('53739b1ffa74485a93dd26dc4743ed2a','244a1dfd59a7417e8ca2bf9116416036','JQuery','JQuery',NULL,1,'2018-10-21 10:28:20','2018-10-21 10:28:20',NULL),('5d3d3e71ca564cfcb7353af37fa732b9','1a3dcc42f0064935b00c02cf5f41c50f','HTML+CSS','HTML+CSS',NULL,1,'2018-10-21 10:16:51','2018-10-21 10:16:51',NULL),('820ab06295154d4c8acf53a0e5d58e80','e70306aa4b2f47918a3d20643a242de5','VUE','VUE',NULL,1,'2018-10-21 10:27:14','2018-10-21 10:27:14',NULL);

/*Table structure for table `t_role` */

DROP TABLE IF EXISTS `t_role`;

CREATE TABLE `t_role` (
  `uid` varchar(32) NOT NULL COMMENT '角色id',
  `name` varchar(255) NOT NULL COMMENT '角色名',
  `creat_time` timestamp NOT NULL DEFAULT '0000-00-00 00:00:00' COMMENT '创建时间',
  `update_time` timestamp NOT NULL DEFAULT '0000-00-00 00:00:00' COMMENT '更新时间',
  `status` tinyint(1) unsigned NOT NULL DEFAULT '1' COMMENT '状态',
  PRIMARY KEY (`uid`)
) ENGINE=InnoDB DEFAULT CHARSET=utf8;

/*Data for the table `t_role` */

/*Table structure for table `t_role_permission` */

DROP TABLE IF EXISTS `t_role_permission`;

CREATE TABLE `t_role_permission` (
  `uid` varchar(32) NOT NULL COMMENT '主键',
  `role_uid` varchar(32) NOT NULL COMMENT '角色id',
  `permission_uid` varchar(32) NOT NULL COMMENT '权限id',
  `creat_time` timestamp NOT NULL DEFAULT CURRENT_TIMESTAMP ON UPDATE CURRENT_TIMESTAMP COMMENT '创建时间',
  `update_time` timestamp NOT NULL DEFAULT '0000-00-00 00:00:00' COMMENT '更新时间',
  `status` tinyint(1) unsigned NOT NULL DEFAULT '1' COMMENT '状态',
  PRIMARY KEY (`uid`)
) ENGINE=InnoDB DEFAULT CHARSET=utf8;

/*Data for the table `t_role_permission` */

/*Table structure for table `t_study_video` */

DROP TABLE IF EXISTS `t_study_video`;

CREATE TABLE `t_study_video` (
  `uid` varchar(32) NOT NULL COMMENT '唯一uid',
  `file_uid` varchar(32) DEFAULT NULL COMMENT '视频封面图片uid',
  `resource_sort_uid` varchar(255) DEFAULT NULL COMMENT '资源分类UID',
  `name` varchar(255) DEFAULT NULL COMMENT '视频名称',
  `summary` varchar(255) DEFAULT NULL COMMENT '视频简介',
  `content` varchar(255) DEFAULT NULL COMMENT '分类介绍',
  `baidu_path` varchar(255) DEFAULT NULL COMMENT '百度云完整路径',
  `click_count` varchar(255) DEFAULT NULL COMMENT '点击数',
  `status` tinyint(1) unsigned NOT NULL DEFAULT '1' COMMENT '状态',
  `create_time` timestamp NOT NULL DEFAULT '0000-00-00 00:00:00' COMMENT '创建时间',
  `update_time` timestamp NOT NULL DEFAULT '0000-00-00 00:00:00' COMMENT '更新时间',
  `parent_uid` varchar(32) DEFAULT NULL,
  PRIMARY KEY (`uid`)
) ENGINE=InnoDB DEFAULT CHARSET=utf8 COMMENT='学习视频表';

/*Data for the table `t_study_video` */

insert  into `t_study_video`(`uid`,`file_uid`,`resource_sort_uid`,`name`,`summary`,`content`,`baidu_path`,`click_count`,`status`,`create_time`,`update_time`,`parent_uid`) values ('05a35691c38f4879a910912e6c248562','dde8800dd17c4b8c9de9169fbb0a49f9','2f05ae3ee71f40efab6fa419a12ca560','黑马全套','黑马全套学习视频','黑马全套学习视频','黑马全套','1',1,'2018-10-21 17:24:48','2018-10-21 17:24:48',NULL),('133e2a76080047508d026e42f03fce96','ee98646f1d684fa4b74f4bff1e1c6f2d','4cd13528dc634f26813548cf3bf0dcea','测试','测试','黑马全套学习视频','黑马全套','0',1,'2018-10-21 01:31:07','2018-10-21 01:31:07',NULL),('853585d787e0426d9196e0e1ad31a19c','95ebbd393dc9432a9d65ac0d7b35cd5c','4cd13528dc634f26813548cf3bf0dcea','哈哈哈','哈哈哈','黑马全套学习视频','黑马全套','0',1,'2018-10-20 21:43:56','2018-10-20 21:43:56',NULL),('eb9d821be06d435499d09cf114c8b50e','ebb8f56a177f4ed89c9020b43610fd6e','4cd13528dc634f26813548cf3bf0dcea','测试','测试','<p>黑马全套</p>\n','黑马全套','1',1,'2018-10-23 21:42:01','2018-10-23 21:42:01',NULL),('fd6c9f0ce6ca415cb56f62d186123808','44704768e62f48bb9a04ae1cac453dd8','820ab06295154d4c8acf53a0e5d58e80','测试','测试','黑马全套学习视频','黑马全套','0',1,'2018-10-21 21:48:37','2018-10-21 21:48:37',NULL);

/*Table structure for table `t_tag` */

DROP TABLE IF EXISTS `t_tag`;

CREATE TABLE `t_tag` (
  `uid` varchar(32) NOT NULL COMMENT '唯一uid',
  `content` varchar(1000) DEFAULT NULL COMMENT '标签内容',
  `status` tinyint(1) unsigned NOT NULL DEFAULT '1' COMMENT '状态',
  `click_count` int(11) DEFAULT '0' COMMENT '标签简介',
  `create_time` timestamp NOT NULL DEFAULT '0000-00-00 00:00:00' COMMENT '创建时间',
  `update_time` timestamp NOT NULL DEFAULT '0000-00-00 00:00:00' COMMENT '更新时间',
  PRIMARY KEY (`uid`)
) ENGINE=InnoDB DEFAULT CHARSET=utf8 COMMENT='标签表';

/*Data for the table `t_tag` */

insert  into `t_tag`(`uid`,`content`,`status`,`click_count`,`create_time`,`update_time`) values ('53c5a0f3142e4f54820315936f78383b','Spring Boot',1,1,'2018-09-21 20:11:06','2018-09-21 20:11:06'),('7e0e93ea6cdb44ae92e58f48e6496ed7','Java',1,1,'2018-09-21 20:12:52','2018-09-21 20:12:52'),('a9a747d944c24845815356f72723ef8e','前端开发',1,2,'2018-09-20 14:51:39','2018-09-20 14:51:39'),('ca928e8718654aa5a802e2f69277b137','生活琐事',1,2,'2018-09-21 20:13:41','2018-09-21 20:13:41'),('e2c7913050cf4ab9aa92902316aaf075','校园生活',1,1,'2018-09-21 20:13:51','2018-09-21 20:13:51'),('f90d3c2fd9434302951130e897a89164','Vue',1,1,'2018-09-21 20:09:50','2018-09-21 20:09:50');

/*Table structure for table `t_user` */

DROP TABLE IF EXISTS `t_user`;

CREATE TABLE `t_user` (
  `uid` varchar(32) NOT NULL COMMENT '唯一uid',
  `user_name` varchar(255) NOT NULL COMMENT '用户名',
  `pass_word` varchar(32) NOT NULL COMMENT '密码',
  `gender` tinyint(1) unsigned DEFAULT NULL COMMENT '性别(1:男2:女)',
  `avatar` varchar(100) DEFAULT NULL COMMENT '个人头像',
  `email` varchar(255) NOT NULL COMMENT '邮箱',
  `birthday` date DEFAULT NULL COMMENT '出生年月日',
  `mobile` varchar(50) DEFAULT NULL COMMENT '手机',
  `valid_code` varchar(50) DEFAULT NULL COMMENT '邮箱验证码',
  `summary` varchar(200) DEFAULT NULL COMMENT '自我简介最多150字',
  `login_count` int(11) unsigned DEFAULT '0' COMMENT '登录次数',
  `last_login_time` datetime DEFAULT NULL COMMENT '最后登录时间',
  `last_login_ip` varchar(50) DEFAULT '127.0.0.1' COMMENT '最后登录IP',
  `status` tinyint(1) unsigned NOT NULL DEFAULT '1' COMMENT '状态',
  `create_time` timestamp NOT NULL DEFAULT '0000-00-00 00:00:00' COMMENT '创建时间',
  `update_time` timestamp NOT NULL DEFAULT '0000-00-00 00:00:00' COMMENT '更新时间',
  PRIMARY KEY (`uid`)
) ENGINE=InnoDB DEFAULT CHARSET=utf8 COMMENT='用户表';

/*Data for the table `t_user` */

/*Table structure for table `t_visitor` */

DROP TABLE IF EXISTS `t_visitor`;

CREATE TABLE `t_visitor` (
  `uid` varchar(32) NOT NULL COMMENT '唯一uid',
  `user_name` varchar(255) DEFAULT NULL COMMENT '用户名',
  `email` varchar(255) NOT NULL COMMENT '邮箱',
  `login_count` int(11) unsigned DEFAULT '0' COMMENT '登录次数',
  `last_login_time` datetime DEFAULT NULL COMMENT '最后登录时间',
  `last_login_ip` varchar(50) DEFAULT '127.0.0.1' COMMENT '最后登录IP',
  `status` tinyint(1) unsigned NOT NULL DEFAULT '1' COMMENT '状态',
  `create_time` timestamp NOT NULL DEFAULT '0000-00-00 00:00:00' COMMENT '创建时间',
  `update_time` timestamp NOT NULL DEFAULT '0000-00-00 00:00:00' COMMENT '更新时间',
  PRIMARY KEY (`uid`)
) ENGINE=InnoDB DEFAULT CHARSET=utf8 COMMENT='游客表';

/*Data for the table `t_visitor` */

/*!40101 SET SQL_MODE=@OLD_SQL_MODE */;
/*!40014 SET FOREIGN_KEY_CHECKS=@OLD_FOREIGN_KEY_CHECKS */;
/*!40014 SET UNIQUE_CHECKS=@OLD_UNIQUE_CHECKS */;
/*!40111 SET SQL_NOTES=@OLD_SQL_NOTES */;
